zoneId;Attractivity:Business;Attractivity:Leisure_Indoor;Attractivity:Leisure_Outdoor;Attractivity:Private_Business;Attractivity:Private_Visit;Attractivity:Service;Attractivity:Shopping_Daily;Attractivity:Shopping_Other;Attractivity:Shopping;Attractivity:Work;Attractivity:Education_Primary;Attractivity:Education_Secondary;Attractivity:Education_Tertiary;Attractivity:Sightseeing
1;0;112,05;0;0;0;0;0;0;0;1;0;0;0;50
2;14513;7192,23;0;1861,48;20;0,38;1699,33;9392,84;11092,17;14513;0;0;0;960
3;5018;2215,55;0;1343;7;0,13;2712,06;34410,68;37122,74;5018;0;0;0;20
4;1878;1465,56;0;623,4;3;140,06;150;22114,23;22264,23;1878;0;0;0;330
5;16443;5172,06;313,82;3784;76;1,44;6321,57;36480,48;42802,05;16443;0;0;553;320
6;6592;2193,38;92,52;1186,2;85;1,62;2862,06;4919,89;7781,95;6592;0;0;845;800
7;14634;6668,62;0;1924,56;31;0,59;2007,32;14949,89;16957,21;14634;0;0;0;8070
8;5754;2137,22;0;418,8;177;3,36;244,59;3984,4;4228,99;5754;0;0;39;160
9;6780;2590,46;215,5;239,23;1339;25,44;150;3351,11;3501,11;6780;0;0;0;110
10;6814;2041,47;83,35;474;282;291,97;2483,88;6807,06;9290,94;6814;0;0;0;110
11;802;1360,14;0;0;0;0;0;429,15;429,15;802;0;0;0;600
12;7479;2480,49;0;174,78;345;6,56;1012,73;11666,84;12679,57;7479;0;0;0;370
13;7582;1481,21;0;139,56;1;0,02;0;63;63;7582;0;0;0;990
14;4551;2018,14;0;10;29;0,55;0;286,63;286,63;4551;0;0;0;5460
15;1392;951,54;0;390;2;0,04;0;0;0;1392;0;0;0;10
16;4387;1329,68;163,64;69,78;526;239,33;600;2521,88;3121,88;4387;324;0;202;430
17;220;0;883,38;0;39;115,74;0;0;0;220;0;0;0;0
18;1803;1143,06;149,32;1389;663;12,6;4111,39;8019,41;12130,8;1803;0;0;0;30
19;5014;286,97;0;422;60;1,14;300;0;300;5014;0;0;0;0
20;1630;174,92;122,1;42;52;0,99;712,73;0;712,73;1630;0;0;0;200
21;5470;32098,71;4,45;388;1118;21,24;300;4678,94;4978,94;5470;0;0;1469;10810
22;2;0;0;0;0;0;0;0;0;2;0;0;0;20
23;106;245,32;0;0;0;0;0;308,2;308,2;106;0;0;0;30
24;3293;1994,71;5,54;82,55;373;7,09;0;846,89;846,89;3293;0;0;0;910
25;1143;590,59;1615,92;10;741;689,08;244,59;676,66;921,25;1143;0;0;0;820
26;227;174,92;133,61;69,78;58;1,1;0;0;0;227;0;0;2496;0
27;0;0;0;0;0;0;0;0;0;1;0;0;0;1030
28;0;0;20,8;0;684;24,58;0;0;0;1;0;0;0;40
29;6;0;985,32;0;0;16,18;0;0;0;6;0;0;0;60
30;48;112,05;151,27;0;361;6,86;0;397,8;397,8;48;0;0;0;0
31;0;0;0;0;0;0;0;0;0;1;0;0;0;0
32;29;165,87;1065,96;195;3;115,06;150;0;150;29;0;0;0;60
33;785;168,7;5291,34;341,16;117;282,22;0;65,6;65,6;785;0;0;2819;2060
34;19;1189,83;2760,06;69,78;0;129,16;0;0;0;19;0;0;16;650
35;1081;325,54;5627,4;69,78;3;9,86;17250;0;17250;1081;0;0;0;20
36;5877;3631,43;36,4;532;427;148,11;394,59;3903,68;4298,27;5877;0;0;0;100
37;13788;2328,54;627,63;1936,78;188;3,57;562,73;21700,09;22262,82;13788;0;0;260;0
38;16529;7678,67;713,97;2544,11;296;292,24;7248,62;59340,26;66588,88;16529;0;0;1280;10
39;164;993,92;0;0;0;115;0;66,68;66,68;164;0;0;0;8170
40;6244;5706,28;339,23;527,78;3224;426,03;7581,88;5141,52;12723,4;6244;331;1074;121;1220
41;2859;3745,13;695,77;989,85;2564;210,94;2449,33;11424,92;13874,25;2859;0;500;0;50
42;4126;3123,62;86,72;563,78;1903,45;122,83;712,73;3911,71;4624,44;4126;0;0;0;50
43;10541;1960,05;1,66;1381;149;2,83;450;53759,79;54209,79;10541;0;0;0;300
44;2059;849,88;214,61;26;2039;38,74;0;1147,44;1147,44;2059;0;0;0;0
45;971;1404,61;150,82;179,15;1755;33,34;0;1207,71;1207,71;971;0;0;0;4180
46;2453;5224,79;331,96;331,05;2048;38,91;1699,33;4655,47;6354,8;2453;0;0;0;300
47;5297;561,28;67,46;266;228;284,33;2183,88;710,39;2894,27;5297;0;0;0;50
48;105;448,22;0;195;0;0;0;0;0;105;0;0;0;10400
49;3070;1650,41;0;0;154;142,93;1849,33;4746,48;6595,81;3070;0;0;0;50
50;1451;3135,63;1233,38;730;4259;377,46;3610,03;9031,67;12641,7;1451;0;0;0;0
51;537;1068,13;26335,59;278,2;52;182,79;150;211,24;361,24;537;0;1035;94;3200
53;1835;2006,48;735,34;366,9;3262;357,06;394,59;3192,43;3587,02;1835;0;138;0;0
54;661;1672,45;647,39;619,75;12;1026,29;8614,86;1655,68;10270,54;661;0;1637;0;10310
55;389;2128,01;355,6;85,55;3628;208,93;2338,52;3550,54;5889,06;389;0;0;0;40
56;1600;2303,1;532,2;1045;3578;348,64;3935,02;5273,94;9208,96;1600;0;0;0;0
57;3918;6520,21;2,4;1154,45;2662;200,18;5084,33;2264,87;7349,2;3918;0;0;33;50920
58;673;2954,21;386,79;511;2690;122,89;2488,52;1121,97;3610,49;673;206;281;0;330
59;9162;11028,07;416,78;1522,78;2794;193,09;3387,91;2772,84;6160,75;9162;0;0;10;50420
60;95;363,53;1909,66;0;0;0;0;0;0;95;0;0;0;50
61;5840;2145,05;426,87;806,2;2145;184,66;0;2373,08;2373,08;5840;0;0;0;0
62;3871;7034,43;0;2926,98;13;230,25;3756,35;3660,3;7416,65;3871;0;0;32;420
63;4290;2754,67;490,8;674;1731;276,21;4805,99;5528,38;10334,37;4290;370;8;0;30
64;4032;4531,07;1741,95;1543,8;3018;414,48;3351,24;5378,16;8729,4;4032;38;1452;0;20
65;12110;807,9;634,16;864,11;3395,1;187,26;450;56;506;12110;0;2173;8215;10
66;3816;5419,39;0;699,5;1489;28,29;2938,52;1767,69;4706,21;3816;0;0;0;0
67;5967;2520,81;424,21;1274,7;2224;182,26;7846,73;3202,44;11049,17;5967;0;0;0;0
68;9391;1186,61;674,98;3578,78;454;271,16;4500,68;2180,73;6681,41;9391;285;1011;0;320
69;1732;112,05;0;0;7;0,13;150;3259,48;3409,48;1732;0;0;0;0
70;4000;719,3;0;279,11;1033;19,63;0;935,22;935,22;4000;0;0;0;610
71;5519;1227,74;0;279,75;1434;27,25;150;2656,69;2806,69;5519;0;0;0;0
72;1353;2169,52;202,1;0;33;0,63;0;1500,75;1500,75;1353;0;0;0;300
73;1170;113,16;0;0;692;153,15;0;0;0;1170;0;0;0;0
74;17970;1675,93;712,88;519,75;320;330,06;450;5590,24;6040,24;17970;0;0;0;0
75;10791;572,13;10,64;245;710;336,03;150;2038,68;2188,68;10791;0;0;0;0
76;16899;1788,43;395,86;540;31;785,45;750;1846,85;2596,85;16899;256;259;0;0
77;4460;548,63;123,62;119,78;185;287,83;0;14203,77;14203,77;4460;0;1952;0;0
78;618;1309,72;1930,71;52,9;2403;208,94;394,59;392,41;787;618;0;892;0;10
79;264;125,65;328,4;588;2858,85;472,29;1080;918,18;1998,18;264;0;1408;0;0
80;6615;688,87;1076,9;1022,56;2741;445,74;450;2480,1;2930,1;6615;0;3473;0;0
81;166;174,92;256,2;195;3189;60,59;544,59;270,86;815,45;166;0;0;0;0
82;143;287,91;122,1;73;2300;43,7;4895,95;928,02;5823,97;143;0;0;0;0
83;350;550,73;0;537,7;1636;334,83;300;1468,46;1768,46;350;95;0;41;0
84;197;238,74;386,68;472;3597;213,88;300;3771,94;4071,94;197;0;554;0;0
85;391;822,78;770,64;92,25;3645;685;3658,88;587,86;4246,74;391;323;0;0;0
86;512;394,7;2264,7;292,78;3973;125,17;3326,25;4897,54;8223,79;512;0;0;0;0
87;0;0;7905,67;0;2;383,96;0;0;0;1;0;0;0;10
88;166;0;801,24;121;3597;68,34;2333,88;615,13;2949,01;166;0;0;0;0
89;177;677,09;1885,78;90,95;1981;907,64;300;0;300;177;320;0;0;0
90;1067;212,28;118,61;1234;2582;465,68;3001,5;670,48;3671,98;1067;0;2009;0;0
91;219;629,35;378,09;177,6;2189;68,85;1849,33;0;1849,33;219;50;52;0;0
92;185;224,1;130,4;21;1842;35;450;0;450;185;0;0;0;0
93;1823;414,43;977,64;419,6;2289;43,49;6403,27;0;6403,27;1823;0;0;0;300
94;891;233,12;714,94;131;2349;63,31;1699,33;491,58;2190,91;891;0;0;0;0
95;5095;113,09;2,92;0;271;16,83;0;4822,58;4822,58;5095;0;0;0;0
96;1313;148,02;816,76;37,3;3924;687,32;244,59;996,21;1240,8;1313;254;22;0;0
97;894;50,22;3411,57;0;242;4,6;0;0;0;894;0;0;0;0
99;185;188,94;939,54;420,65;3609;287,36;3808,88;0;3808,88;185;249;0;0;0
100;236;112,05;5435,91;0;547;9988,05;0;360;360;236;0;0;0;0
101;45;0;611,35;0;2813;53,45;0;0;0;45;0;0;0;0
102;444;460,63;1652,23;826,63;3744;370,4;6260,73;2019,69;8280,42;444;0;0;0;0
103;181;112,05;1102,29;0;2922;492,82;150;316,16;466,16;181;0;751;528;0
104;1698;1191,12;2620,21;787,53;3073;157,78;394,59;0;394,59;1698;311;1732;0;0
105;278;1094,11;499,56;400,9;2143;243,18;1699,33;515,63;2214,96;278;348;0;0;300
106;752;1188,77;755,4;166,2;3635;350,98;3667,5;281,3;3948,8;752;0;0;0;0
107;264;238,74;684,89;709;2220;297,18;4895,95;2737,47;7633,42;264;0;0;0;0
108;256;50,22;2466,32;30;3621;89,08;713,79;724,42;1438,21;256;0;0;0;0
109;144;392,64;3332,25;59;1478;365,26;3619,09;0;3619,09;144;358;243;0;0
110;343;62,87;798,5;0;2573;876,19;150;1992,42;2142,42;343;392;0;0;0
111;336;50,22;3648,61;151;2012;62,85;2109,55;3658,45;5768;336;0;0;0;0
112;142;225,14;258,2;21;1896;36,02;150;392,41;542,41;142;0;0;0;0
113;189;253,2;26,2;156,45;2693;446,17;2481,66;392,41;2874,07;189;0;0;0;0
114;670;0;0;0;49;0,93;0;0;0;670;0;0;0;0
115;83;778,5;6262,18;129,75;251;12,49;0;0;0;83;0;0;0;10
116;131;75,43;4621,11;0;3122;504,16;0;724,42;724,42;131;282;0;0;0
117;116;0;33,4;0;1580;163,64;0;0;0;116;0;0;0;0
118;142;0;5110,45;110;1770;262,82;1849,33;0;1849,33;142;327;0;0;0
119;216;86,4;114592,59;7,4;538;1789,9;7381;0;7381;216;0;0;0;20
120;69;0;380,7;0;1639;33,68;0;0;0;69;0;0;0;0
121;130;0;52,04;10;1940;153,74;0;0;0;130;198;296;0;0
122;74;201,45;4812,8;14,9;989;18,79;632,33;0;632,33;74;0;0;0;0
123;299;162,27;0;21;1702;32,34;0;738,88;738,88;299;0;0;0;0
124;113;0;787,81;0;1986;340,34;1849,33;411,36;2260,69;113;15;16;0;0
125;128;318,74;306,94;52;1538;144,22;750;918,18;1668,18;128;0;0;0;0
126;108;0;1463,29;0;3587;162,21;0;0;0;108;322;0;0;0
127;150;129,91;200,3;226;3200;465,75;450;724,42;1174,42;150;209;0;0;0
128;155;212,48;2476,55;472;2327;204,11;2554,93;0;2554,93;155;0;0;0;0
129;61;0;558,04;0;830;15,77;0;240;240;61;0;0;0;0
130;1636;112,05;490,96;0;2424;56,38;0;1014,18;1014,18;1636;0;0;0;0
131;3258;2570,94;2962,8;3849,68;3895;559,76;16545,47;18496,06;35041,53;3258;71;727;0;10
132;1041;312,99;6766,45;382;3306;574,81;5318,42;1139,13;6457,55;1041;0;537;0;0
133;226;476,25;648,18;60,7;2449;326,53;1699,33;161,3;1860,63;226;0;670;0;0
134;72;366,74;0;23,6;1347;140,59;150;0;150;72;0;0;0;0
135;343;171,25;3569,04;7,6;4621;87,8;0;0;0;343;0;0;0;0
136;229;979,58;51,98;229,75;3571;252,55;0;253,76;253,76;229;344;0;0;0
137;195;0;388,3;0;3056;140,44;1699,33;365,72;2065,05;195;272;0;0;0
138;228;398,46;6181,48;41,75;1602;50,5;0;160;160;228;0;0;0;0
139;275;80,88;13843,96;0;3928;2685,31;0;0;0;275;0;1050;0;0
140;46;0;83,1;0;2822;168,62;0;0;0;46;0;0;0;0
141;333;0;1424,76;0;1112;830,31;3508,88;0;3508,88;333;0;0;0;0
142;305;0;0;0;46;0,87;0;0;0;305;0;0;0;0
143;76;0;381,92;0;1201;193,73;0;0;0;76;453;0;0;0
144;562;282,51;0;993,63;2293;183,57;2149,33;1432,82;3582,15;562;0;0;0;0
145;233;50,22;55,9;295;3529;301,55;4221,61;1378,84;5600,45;233;378;0;0;0
146;104;84,6;0;14,1;2919;335,46;0;80;80;104;0;0;0;0
147;3479;778,5;21,94;129,75;1415;424,66;0;1247,05;1247,05;3479;120;0;0;0
148;6095;112,05;0;0;189;3,59;0;392,41;392,41;6095;0;0;0;0
149;1223;0;3,88;0;56;1,06;0;0;0;1223;0;0;0;0
150;41;0;408,85;0;0;0;0;0;0;41;0;0;0;0
151;7506;0;146,29;0;65;1,23;0;1659,15;1659,15;7506;0;0;0;0
152;1778;174,92;700,26;0;168;3,19;1699,33;0;1699,33;1778;0;0;0;10
154;1482;62,87;111,22;0;57;1,08;0;0;0;1482;0;0;0;0
155;5;0;2914,69;0;3;197,3;0;0;0;5;0;0;0;0
156;511;0;132,49;0;761;171,02;150;0;150;511;0;0;0;0
157;72;0;1062,18;0;399;7,58;0;627,04;627,04;72;0;0;0;0
158;3228;1125,55;168,43;249,53;49;240,05;0;827,92;827,92;3228;0;0;0;300
159;4928;301,31;272,66;0;182;3,46;150;5861,61;6011,61;4928;0;0;0;0
160;540;0;76,08;0;11;115,21;0;0;0;540;0;0;0;0
161;213;299,53;412,33;372;887;16,85;1699,33;61,77;1761,1;213;0;0;0;0
162;860;1718,63;858,73;743,1;3053;164,16;5116,74;3825,56;8942,3;860;343;53;0;10
163;3042;494,71;3842,88;70;3682;547,74;3414,83;1502,6;4917,43;3042;0;0;0;300
164;903;224,1;0;0;92;1,75;0;0;0;903;0;0;0;0
165;1013;250,35;5996,35;195;135;399,52;0;376,8;376,8;1013;0;0;0;0
166;179;147,87;2704,07;0;20;555,98;0;157,69;157,69;179;0;0;0;380
167;0;0;0;0;0;0;0;0;0;1;0;0;0;0
168;483;1428,93;1136,07;873,25;4481;481,65;3648,13;0;3648,13;483;203;305;0;50
169;0;33,12;466,17;0;1;368,72;0;0;0;1;0;0;0;0
170;1039;54,54;60,35;0;29;0,55;244,59;792,1;1036,69;1039;0;0;0;0
171;1355;0;0;0;64;1,22;0;0;0;1355;0;0;0;0
172;4199;7,2;0;0;40;0,76;0;0;0;4199;0;0;0;50
173;127;408,87;1075,19;0;72;128,65;150;0;150;127;0;0;0;530
174;669;0;0;0;35;0,66;0;0;0;669;0;0;0;0
175;626;0;0;0;0;0;0;0;0;626;0;0;0;0
176;296;0;0;0;11;0,21;0;0;0;296;0;0;0;0
177;168;0;0;0;2;0,04;0;0;0;168;0;0;0;0
178;273;0;0;0;0;0;0;0;0;273;0;0;0;0
179;731;0;0;50;0;0;0;0;0;731;0;0;0;0
180;414;0;0;0;0;0;0;0;0;414;0;0;0;0
181;497;0;0;0;3;0,06;0;0;0;497;0;0;0;0
182;544;0;0;0;0;0;0;0;0;544;0;0;0;0
183;1140;461,89;1305,15;0;697;307,61;150;211,24;361,24;1140;307;0;0;0
184;155;0;176,67;0;19;0,36;0;0;0;155;0;0;0;0
185;715;0;1200,38;0;0;0;0;0;0;715;0;0;0;0
186;432;0;0;0;350;6,65;0;900;900;432;0;0;0;0
187;0;0;0;0;29;0,55;0;0;0;1;0;0;0;0
188;347;2044,54;1552,97;436,53;4734;95,69;7590,9;1212,97;8803,87;347;0;0;0;0
189;2095;150;1087,2;25;761;942,32;244,59;697,21;941,8;2095;0;0;0;0
190;778;0;226,03;0;75;1,42;0;560;560;778;0;0;0;0
191;580;112,05;0;0;113;2,15;150;0;150;580;0;0;0;0
192;2421;50,29;261,23;200;263;5;0;0;0;2421;0;4203;0;70
193;61;140,4;455,52;0;46;411,23;4344,58;0;4344,58;61;0;0;0;0
194;78;112,05;255,34;50;164;3,12;244,59;354,33;598,92;78;0;0;0;0
195;2183;0;257,08;0;18;0,34;0;0;0;2183;0;0;0;0
196;931;112,05;4453,33;21;2004;664,38;0;240;240;931;184;0;0;30
197;900;601,29;1162,15;490;3460;221,37;6286,38;3122,88;9409,26;900;33;0;0;0
198;192;1177,94;1377,31;665,75;1013;314,27;300;1195,61;1495,61;192;0;0;0;0
199;237;879,01;0;229,75;2325;258,68;0;553,71;553,71;237;298;0;0;0
200;192;0;2716,5;295;4774;334,44;5208,21;0;5208,21;192;291;411;0;0
201;392;374,85;1591,71;39,4;3065;381,56;150;0;150;392;0;833;0;50
202;147;0;0;0;112;2,13;0;0;0;147;0;0;0;0
203;54;0;0;0;215;4,08;0;0;0;54;0;0;0;30
204;118;234,97;354,5;0;655;43,72;632,33;0;632,33;118;0;0;0;350
205;578;506,36;3119,31;20,95;3365;535,24;0;392,41;392,41;578;210;316;0;30
206;117;778,5;1095,18;129,75;2483;187,18;0;0;0;117;0;0;0;0
207;835;470,6;919,71;40,9;1596,54;180,12;0;0;0;835;0;657;0;0
208;16;0;230,92;0;12;0,23;0;0;0;16;0;0;0;0
209;86;162,9;0;27,15;1361;25,86;244,59;0;244,59;86;0;0;0;0
210;539;549,67;1209,48;1157,78;3326;308,09;5424,12;6453,73;11877,85;539;460;61;0;20
211;58;0;1142,25;0;409;773,91;0;0;0;58;240;0;0;0
212;1051;112,05;0;0;40;0,76;148,5;0;148,5;1051;0;0;0;0
213;46;221,74;2690,15;9,9;2988;196,77;300;0;300;46;0;0;0;110
214;2590;0;0;0;224;4,26;0;1600;1600;2590;0;0;0;0
215;909;0;303,28;0;7;0,13;0;0;0;909;0;0;0;0
216;566;1488,62;25576,42;181;436;703,06;1699,33;316,16;2015,49;566;0;0;0;390
217;81;0;1076,52;0;137;2,6;0;0;0;81;0;0;0;0
218;178;113,09;1568,79;21;3939;232,58;4033,22;0;4033,22;178;388;0;0;0
219;229;1303,78;1183,86;159,15;1301;164,72;150;1233,56;1383,56;229;0;0;0;300
220;204;0;31,6;295;862;142,76;0;0;0;204;0;1097;0;0
221;344;125,65;1796,48;709;6103;206,52;1999,33;0;1999,33;344;196;614;0;0
222;49;111,3;8778,66;18,55;261;4,96;0;0;0;49;0;0;0;0
223;108;0;3047,97;0;1187;310,85;0;0;0;108;0;0;0;0
224;3;0;313,05;0;2;0,04;0;0;0;3;0;0;0;50
225;258;0;0;0;0;0;0;0;0;258;0;0;0;0
226;1748;347,11;0;0;1;0,02;0;0;0;1748;0;0;0;530
227;103;0;0;0;1;0,02;0;0;0;103;0;0;0;0
228;406;50,22;0;0;3;0,06;0;0;0;406;0;0;0;0
229;68;0;0;0;0;0;0;0;0;68;0;0;0;10
230;10;0;213,4;0;1225;23,28;244,59;0;244,59;10;0;0;0;0
231;1628;0;0;0;2;0,04;0;0;0;1628;0;0;0;0
232;2815;0;0;0;16;0,3;150;0;150;2815;0;0;0;10000
233;865;0;0;0;0;0;0;0;0;865;0;0;0;50
234;1849;2191;0;0;25;0,48;0;280;280;1849;0;0;0;110
235;74;778,5;0;129,75;2;0,04;0;0;0;74;0;0;0;0
236;33;0;0;0;0;0;0;0;0;33;0;0;0;30
237;152;0;0;0;0;0;0;0;0;152;0;0;0;60
238;1999;0;1,44;0;0;5,76;0;0;0;1999;0;0;0;0
239;0;0;0;0;0;0;0;0;0;1;0;0;0;0
240;114;0;0;0;0;0;0;0;0;114;0;0;0;0
241;971;0;0;0;0;0;0;0;0;971;0;0;0;0
242;262;0;0;0;0;0;0;0;0;262;0;0;0;80
243;2;0;0;50;0;0;0;0;0;2;0;0;0;0
244;1115;112,05;0;0;0;0;0;853,47;853,47;1115;0;0;0;0
245;524;50,22;0;0;0;0;0;0;0;524;0;0;0;0
246;16760;672,29;215,75;567;11;0,21;2677,7;368,93;3046,63;16760;0;0;0;200
247;3697;400,05;5544,71;0;23;319,78;150;392,41;542,41;3697;0;0;0;200
248;570;242,1;2894,92;102;1329;149,09;0;1103,8;1103,8;570;0;0;0;0
249;91;277,65;1594,65;222,6;955;18,14;0;140,93;140,93;91;0;0;0;0
250;0;0;0;0;0;0;244,59;0;244,59;1;0;0;0;30
251;106;0;643,2;21;2356;184,76;0;0;0;106;0;0;0;0
252;435;120,71;560,7;326;2153;106,66;150;354,33;504,33;435;263;0;0;0
253;455;625,11;3263,86;456,2;1585;338,14;150;499,7;649,7;455;0;996;0;50
254;182;162,27;2671,38;385,78;1763;112,99;1999,33;848,07;2847,4;182;221;0;0;0
255;255;809,33;543,89;674,75;1808;34,35;7983,23;214,58;8197,81;255;0;0;0;100
301;2033;2523,2;3622,23;469,13;4373;488,15;4861,39;1631,16;6492,55;2033;0;1119;0;50
302;355;1101,22;187,68;34,85;2184;187,25;1699,33;246,32;1945,65;355;23;168;0;0
303;329;1835,97;253,54;0;1718;32,64;0;0;0;329;0;0;0;0
304;845;112,05;140,12;0;2141;180,68;0;0;0;845;0;0;0;0
305;994;2046,18;3164,61;239,75;3129,57;397,97;0;365,72;365,72;994;540;0;0;0
306;282;264,02;1865,75;0;2472;480,41;150;0;150;282;478;0;0;50
307;5280;1587,21;1330,57;3462;3007;57,13;14719,42;22479,28;37198,7;5280;0;0;449;0
308;3265;1347,03;883,03;734,41;2857;194,28;1297,2;3918,15;5215,35;3265;0;0;0;0
309;239;310,8;2881,12;151,8;1677;184;1699,33;0;1699,33;239;0;0;0;0
310;7085;2269,23;3250,65;119,78;2010;486,72;632,33;3007,67;3640;7085;32;33;72;20140
311;275;486,62;2128,21;51,95;2054;365,58;394,59;0;394,59;275;79;247;0;30
312;3783;3403,72;1073,25;416,4;2459;46,72;3883,22;629,86;4513,08;3783;0;0;0;10380
313;1672;3438,13;707,49;400,78;2592;56,07;2656,65;5795,6;8452,25;1672;0;0;0;50
314;2605;6143,26;680,17;2132,53;2676;163,41;8187,04;16195,83;24382,87;2605;363;0;0;0
315;1739;2038,16;85,76;184;2682;103,15;3643,26;6569,23;10212,49;1739;179;0;0;50
316;374;891,52;5041,42;461;393;747,01;600;693,18;1293,18;374;0;0;0;0
317;2591;62,87;306,86;372;1638;1373,54;11861,83;1035,32;12897,15;2591;0;0;0;0
318;116;50,22;476,08;0;1703;177,9;244,59;53,6;298,19;116;0;0;0;0
319;144;50,29;711,59;0;2124;326,24;0;185,4;185,4;144;0;0;0;0
320;291;481,79;1297,7;131,23;2451;566,35;2033,88;0;2033,88;291;0;629;0;0
321;205;224,1;0;221;2435;186,26;544,59;214,58;759,17;205;0;0;0;0
322;920;2807,6;642,83;324,75;2519;162,61;1999,33;1724,99;3724,32;920;423;0;0;0
323;408;835,29;355,98;21;2782;341,58;0;1443,47;1443,47;408;0;0;0;0
324;421;661,1;125,25;316;1678;261,88;3714,19;2134,82;5849,01;421;0;0;0;40
325;1857;477,91;1585,13;136,55;3206;959,1;1809,55;1853,75;3663,3;1857;313;0;18;10
326;87;224,1;122,1;42;2238;42,52;244,59;129,73;374,32;87;0;0;0;0
327;999;1255,77;644,32;360,9;1816;34,5;7040,83;539,73;7580,56;999;0;1022;0;0
328;3416;712,01;1124,6;272;2723;891,74;782,33;1547,74;2330,07;3416;0;0;0;0
329;1961;349,75;8,41;472;2974;196,51;4148,67;969,94;5118,61;1961;0;0;0;0
330;3698;2241,31;952,73;450,3;3099;239,63;4394,53;1127,52;5522,05;3698;723;442;0;0
331;125;112,05;895,04;0;1861;317,6;0;0;0;125;0;0;0;0
332;115;142,88;0;0;1740;33,06;544,59;849,58;1394,17;115;0;0;0;0
333;1312;217,8;1772,82;36,3;2703,38;59,54;0;0;0;1312;0;978;0;0
334;478;516,88;1352,49;22,05;2639;623,44;0;699,7;699,7;478;48;0;0;0
335;2322;3786,86;1339,22;579;3203;345,6;4337,85;9093,69;13431,54;2322;0;0;0;0
336;390;1932,32;380;129,75;1969;51,91;544,59;360,8;905,39;390;58;0;0;0
337;2393;3404,21;306,45;574,78;2053;916,41;11790,62;15476,42;27267,04;2393;0;0;0;0
338;731;174,92;2749,2;0;2304;76,36;1699,33;286,63;1985,96;731;0;422;0;0
339;312;1223,3;69,42;31;2147;40,79;782,33;557,49;1339,82;312;0;0;0;0
340;5596;3338,77;469,44;925,7;2986;470,34;8889,51;7371,9;16261,41;5596;0;0;0;0
341;1697;1991,75;1137,09;139,33;3967;626,41;2481,66;2827,12;5308,78;1697;492;1272;16;300
342;2755;1105,82;5327,61;0;871;16,55;244,59;316,16;560,75;2755;0;0;106;1490
343;11;112,05;29337,15;0;34;171,39;0;0;0;11;0;0;0;10
344;1239;509,31;257,21;0;7;1588,97;0;850,45;850,45;1239;0;0;0;300
345;86;524,24;54999,62;40,6;1187;2539,65;150;0;150;86;76;80;0;160
346;1727;0;0;0;2;0,04;0;2241;2241;1727;0;0;0;0
347;57;0;121,8;0;1885;50,22;0;40;40;57;0;0;0;0
348;378;891,9;3847,96;158,65;1736;450,92;0;2243,25;2243,25;378;92;0;0;0
349;3179;1405,02;7780,69;1041,11;867;603,77;0;0;0;3179;0;0;1022;20
350;3246;449,3;77,26;10;1069;283,37;300;0;300;3246;0;0;0;0
351;334;229,64;353,79;73;3251;929,59;4882,65;354,33;5236,98;334;428;0;0;0
352;2083;711,93;1640,59;346;1556;449,56;450;1199,47;1649,47;2083;0;0;0;0
353;930;126,6;5245,69;21,1;764;14,52;0;5280,3;5280,3;930;0;0;0;60
354;40;953,42;10454,71;129,75;7;0,13;150;998,82;1148,82;40;0;0;0;0
355;2799;0;427,31;0;38;0,72;0;3535,31;3535,31;2799;0;0;0;0
356;4908;162,27;0;0;157;2,98;1973;7988,85;9961,85;4908;0;0;0;0
357;440;162,59;5360,49;42;4269;1432,33;0;674,55;674,55;440;314;0;0;0
358;227;0;34,91;372;3379;110,94;150;0;150;227;0;963;0;0
359;3073;647,52;0;10;819;15,56;6632,4;15220,02;21852,42;3073;0;0;0;0
360;859;0;600;10;140;2,66;0;3319,7;3319,7;859;0;0;0;0
361;1133;225,14;0;0;1783;33,88;0;2809,5;2809,5;1133;0;0;0;0
362;1021;512,01;381,89;195;2808;329,35;6830,4;649,17;7479,57;1021;84;0;0;0
363;5417;1467,71;841,78;651;909;665,97;4521,61;1965,61;6487,22;5417;0;37;0;50
364;2328;1092,28;946,96;84,3;3011;697,08;600;3804,95;4404,95;2328;299;449;0;0
365;1265;50,22;122,1;588;783;14,88;10400;675,62;11075,62;1265;0;0;0;0
366;463;481,8;1678,91;96,13;2210;536,53;2106;538,81;2644,81;463;452;0;0;0
367;302;365,79;238,4;26,45;2121;180,3;1763,83;253,6;2017,43;302;0;553;0;0
368;100;0;174,5;0;2840;193,96;0;0;0;100;0;0;0;0
369;995;841,84;0;1689,7;2159;181,02;3706,65;6617,83;10324,48;995;0;0;0;10
370;344;250,35;951,77;616;2161;41,06;0;1017,31;1017,31;344;0;0;0;0
371;387;0;1360,86;79,78;2246;586,69;0;0;0;387;0;1955;0;10
372;501;372,88;95,84;42,65;2667;418,46;150;0;150;501;359;986;0;30
373;6620;729,25;2838,03;335;3453;555,35;6694,39;5663,92;12358,31;6620;0;0;0;10
374;2488;0;2046,36;0;7647,39;14,86;0;69,6;69,6;2488;0;0;0;0
375;66;821,98;19027,01;0;127;2,41;0;0;0;66;0;0;0;980
376;222;189,84;959,07;10;1735;32,96;0;0;0;222;0;0;0;50
377;123;0;1910,08;10;1453;27,61;150;0;150;123;0;0;0;60
378;370;124,5;794,82;120,75;1137;1052,62;2333,88;308,2;2642,08;370;569;220;0;10
379;1045;1127,72;1797,6;16,45;2439;512,7;0;0;0;1045;458;0;0;90
380;92;0;371,91;372;2528;246,25;244,59;0;244,59;92;0;0;0;0
381;155;112,05;1260,32;121;3558;234,01;150;238,92;388,92;155;343;396;0;0
382;236;553,92;4294,66;46,6;2977;812,46;5521,39;2176,44;7697,83;236;696;0;0;0
383;164;50,22;0;0;1558;169,6;0;0;0;164;0;0;0;0
384;78;0;111,8;0;1569;169,81;150;0;150;78;0;0;0;0
385;322;476,12;1656,27;759,2;3413;368,17;7027,28;3753,64;10780,92;322;0;0;0;0
386;2431;81,6;1774,68;13,6;2323;330,91;0;0;0;2431;255;763;0;10
387;62;276,31;99,04;73;425;148,07;0;1137,14;1137,14;62;0;0;0;0
388;297;1487,12;2981,4;1236,25;1899;52,62;2764,07;5813,5;8577,57;297;0;0;0;0
389;102;224,1;1373,14;100;1866;35,45;0;1258,11;1258,11;102;0;0;0;0
390;91;0;123,73;0;2848;62,87;1434;0;1434;91;0;0;0;0
391;67;0;451,37;0;566;91,56;0;0;0;67;45;47;0;0
392;69;180,3;37,96;30,05;1349;25,63;0;120;120;69;0;0;0;0
393;111;138,3;701,78;42;1235;23,46;244,59;0;244,59;111;0;0;0;0
394;27;0;0;372;463;8,8;0;998,66;998,66;27;0;0;0;0
395;143;187,48;0;237;654;12,43;0;407,24;407,24;143;0;0;0;0
396;237;778,5;102,94;139,75;1403;345,32;150;1312,28;1462,28;237;226;360;0;0
397;842;54;579,79;0;692;153,15;1699,33;176,8;1876,13;842;0;0;0;0
398;22;0;88,27;0;614;11,67;0;0;0;22;0;270;0;0
399;215;125,72;71,78;0;172;290,37;0;3098,67;3098,67;215;0;0;0;0
400;69;0;1385,34;0;1770;589,89;150;365,72;515,72;69;0;0;0;0
401;280;0;1087,53;0;1643;187,9;0;0;0;280;0;718;0;0
402;493;177,84;0;505,9;310;5,89;10987,5;9037,17;20024,67;493;0;0;0;0
403;209;100,5;134,5;21;1246;23,67;154,5;1372,67;1527,17;209;0;0;0;0
404;41;0;2393,82;0;179;3,4;0;17005,95;17005,95;41;0;0;0;0
405;19;0;93,69;0;1679;40;0;0;0;19;0;0;0;0
406;79;0;1696,35;0;1922;183,18;0;365,72;365,72;79;0;0;0;0
407;152;138,3;352,74;31;1701;299,61;150;1271,16;1421,16;152;345;0;0;0
408;24;0;0;0;655;12,44;0;0;0;24;0;0;0;0
409;14;0;0;0;769;14,61;0;0;0;14;0;0;0;0
410;408;686,54;603,98;921,7;3166;420,72;7298,55;1598,13;8896,68;408;225;0;0;300
411;1484;100,44;103,71;160;935;157,76;5718,07;932,44;6650,51;1484;0;0;0;0
412;82;0;372,18;50;1187;457,67;0;568,35;568,35;82;0;0;0;0
413;996;1169,7;1889,93;956;3705;772;5203,75;5932,18;11135,93;996;0;877;0;0
414;123;100,44;880,48;368;1961;166,53;943,2;808,36;1751,56;123;455;0;0;0
415;929;162,27;872,36;191;1460;173,51;0;8918,14;8918,14;929;415;0;0;0
416;1582;363,73;1948,68;1127;1877;1221,88;10459,08;8669,88;19128,96;1582;0;0;0;0
417;364;164,69;10795,26;69,78;539;1123,7;0;157,69;157,69;364;0;347;1073;320
418;446;778,5;162,9;129,75;2238;182,52;0;0;0;446;0;0;0;0
419;41;215,1;582,2;45,85;1820;174,58;150;0;150;41;0;0;0;0
420;50;0;48,44;0;1327;173,75;0;0;0;50;0;0;0;0
421;427;571,37;4901,05;506,21;2118;804,52;2183,88;313,7;2497,58;427;0;0;0;0
422;413;30;11115,25;5;460;63,46;150;0;150;413;0;0;0;100
423;503;187,48;0;20;2305,31;152,92;150;0;150;503;0;0;0;0
424;107;179,62;8562,65;21;921;17,5;0;0;0;107;0;0;0;10
425;2041;695,96;2463,06;525,05;2065;1079,3;2562,06;2238,41;4800,47;2041;381;548;0;70
427;792;430,95;6713,15;195;2357;188,18;150;0;150;792;0;0;0;410
428;205;62,88;3951,35;169,78;2378;353,4;562,73;0;562,73;205;0;0;0;0
429;436;192,03;122,99;336;3041;443,26;2712,06;1490,74;4202,8;436;0;899;0;0
430;1156;926,2;5863,15;1414;1999;341,19;4711,39;3182,41;7893,8;1156;535;1329;0;110
431;402;871,74;26,13;195;1642;370,4;3398,67;1969,76;5368,43;402;206;1152;0;0
432;440;490,97;3,67;748,2;1019;314,04;300;608,89;908,89;440;0;0;0;30
433;313;2212,33;0;0;1820;34,58;244,59;0;244,59;313;0;0;0;500
434;73;75,43;627,56;0;1554;715,38;0;0;0;73;235;0;0;0
435;31;0;0;0;573;10,89;0;0;0;31;0;0;0;0
436;28;0;122,1;0;1127;21,41;0;181,68;181,68;28;0;0;0;0
437;222;1621,5;1449,52;270,25;3463;424,85;150;0;150;222;257;0;0;0
438;397;250,3;339,41;862;2431;813,01;2675,08;200;2875,08;397;0;0;0;0
439;308;0;875,78;10;1100;80,15;0;0;0;308;237;0;0;0
440;167;62,87;30,42;0;1362;184,76;1731;1650,27;3381,27;167;0;0;0;10
441;73;0;1069,94;10;890;184,21;0;759,22;759,22;73;328;0;0;10
442;166;0;266,1;0;2911;195,31;735,6;0;735,6;166;0;0;0;0
443;1434;559,76;10109,92;282,9;2674;330,81;150;1812,94;1962,94;1434;0;0;0;10
444;265;174,92;33,32;216;1900;284,36;4069,5;319,5;4389;265;0;0;0;10
445;349;0;204,44;100;1284;151,06;1699,33;0;1699,33;349;0;0;0;10
446;233;388,95;9721,11;18,75;205;374,96;0;375,62;375,62;233;0;0;0;2780
447;271;0;16,17;0;2032;301,79;0;120;120;271;334;0;0;10
448;1896;85,68;588,46;79,78;4376,06;1179,2;0;0;0;1896;0;0;0;0
449;88;0;0;69,78;2700;51,3;0;0;0;88;0;0;0;0
450;306;301,6;402,71;490;2685;376,22;1999,33;354,33;2353,66;306;0;1299;0;0
451;518;338,13;135,4;888;1171;302,25;6523,45;492,09;7015,54;518;0;0;0;0
452;102;108,9;0;18,15;2034;318,65;0;0;0;102;0;0;0;0
453;90;0;38,62;0;1846;268,78;0;0;0;90;389;0;0;0
454;301;0;1729,42;0;749;63,07;0;0;0;301;0;0;0;0
455;90;0;4356,69;0;877;24,7;0;0;0;90;0;0;0;160
501;140;224,1;9,12;414;1564;44,92;2816,21;669,76;3485,97;140;0;0;0;0
502;289;681,79;351,71;265,05;2033;458,63;2674,88;1204,45;3879,33;289;0;0;0;0
503;209;562,32;225;42;2006;644,74;1026,92;664,65;1691,57;209;401;0;0;0
504;559;1227,99;1019,93;177;3070;908,45;3520,93;4423,46;7944,39;559;0;0;0;0
505;490;1112,2;0;303;2133;320,53;1128;6607,48;7735,48;490;0;0;0;0
506;807;1788,78;70,1;945;2119;320,26;9141,78;12462,45;21604,23;807;0;0;0;0
507;87;1388,87;260,7;105;1593;33,77;0;2149,51;2149,51;87;14;0;0;0
508;157;413,65;446,48;31;2487;543,45;544,59;1089,34;1633,93;157;0;0;0;0
509;892;1085;308,16;502;2654;330,43;8008,7;3890,29;11898,99;892;0;37;0;0
510;189;2166,94;1876,62;340,2;2332;256,31;150;0;150;189;288;0;0;0
511;101;113,09;277,5;435;2761;52,46;932,33;1049,14;1981,47;101;0;0;0;0
512;249;299,53;102,97;42;2214;157,45;0;388,82;388,82;249;422;0;0;0
513;483;416,26;1409,58;1288,45;1427;587,11;750;5720,49;6470,49;483;0;0;0;0
514;302;0;1928,52;100;1485;222,44;0;0;0;302;179;0;0;0
515;976;1005,57;1634,82;762,83;3314;1408,81;9541,42;17407,68;26949,1;976;370;0;0;0
516;289;934,41;202,6;147,35;2920;342,28;1849,33;310,89;2160,22;289;0;0;0;0
517;444;100,5;258,31;0;2058;179,1;300;1125,04;1425,04;444;0;0;0;0
518;541;962,49;474,3;494;2415;185,88;2434,24;7207,26;9641,5;541;0;0;0;0
519;3668;1062,28;1226,66;330,63;2534,51;969,01;3883,22;1122,26;5005,48;3668;0;0;0;0
520;718;1923,7;1103,64;214,7;2624;507,76;6000;0;6000;718;352;961;0;0
521;2273;551,45;459,48;33,65;3176;1129,05;3284,27;3561,57;6845,84;2273;0;0;0;50
522;1517;1757,91;1256,88;652;2805;421,34;4737,87;1386,95;6124,82;1517;315;0;0;0
523;462;1412,99;451,19;337;2690;51,11;2878,48;6929,08;9807,56;462;0;0;0;0
524;1385;1321,66;462,7;42;2325;458,68;733,78;1183,43;1917,21;1385;78;0;0;0
525;296;224,1;0;0;1651;31,37;244,59;670,48;915,07;296;0;0;0;0
526;523;237,7;415,92;63;2457;891,33;932,33;1395,53;2327,86;523;435;2427;0;0
527;824;638,79;92,18;620,33;1589,11;816,23;1699,33;3900,86;5600,19;824;0;0;188;0
528;924;2430,85;233,46;809;3407;351,35;7551,08;5359,67;12910,75;924;0;0;16;0
529;2790;2599,55;228,28;1080,19;2839;423,94;4793,67;5634,14;10427,81;2790;0;0;6474;110
530;3053;1213,98;353,74;629,23;1197;453,2;2562,06;433,55;2995,61;3053;566;0;0;0
531;180;112,56;8003,4;0;0;230,2;0;0;0;180;0;0;0;0
532;1697;2237,18;0;1001,35;652;152,39;600;2570,95;3170,95;1697;0;0;7298;620
533;5362;2450,15;28,24;4390,69;526;446,99;0;2072,48;2072,48;5362;68;98;17948;310
534;3864;2061,46;28,36;708,51;2235,2;715,75;300;3246,82;3546,82;3864;0;0;1633;300
535;941;2535,59;871,51;865,63;3406;484,71;1597,2;4320,98;5918,18;941;0;0;123;0
536;3540;2244,41;2213,78;249,46;983;298,68;0;0;0;3540;0;0;135;0
537;12947;250,5;1018,79;281,56;1129;301,45;394,59;3110,35;3504,94;12947;0;932;2400;0
538;837;508,23;358,66;588;2638;305,12;300;1686,88;1986,88;837;0;0;0;0
539;395;550,98;0;416;2303;43,76;0;511,31;511,31;395;0;0;0;0
540;609;1253,1;1621,31;366,5;1943;601,72;0;0;0;609;0;0;0;0
541;833;563,53;1817,28;54,45;2147;295,79;0;24;24;833;0;0;0;310
542;1684;3663,47;221,74;1284,08;2864;811,1;6251,11;5014,26;11265,37;1684;0;1916;131;0
543;5144;336,15;5416,97;10;3074;198,41;0;625,99;625,99;5144;0;0;0;0
544;596;113,09;0,74;257;2224;391,45;394,59;798,39;1192,98;596;265;0;0;10
545;6821;84,84;717,56;30;1668;1822,61;0;1174,86;1174,86;6821;0;731;0;0
546;188;123,81;0;0;11;0,21;0;12,8;12,8;188;0;0;0;0
547;667;224,1;0;100;2557;48,58;3883,22;894,05;4777,27;667;0;605;0;0
548;5137;499,45;825,15;10;2279;43,3;450;383,48;833,48;5137;0;0;0;0
549;761;1286,08;670,38;237;2843;1114,44;2333,88;1258,72;3592,6;761;330;0;0;0
550;105;62,87;112,6;21;2022;38,42;394,59;0;394,59;105;0;0;0;0
551;351;238,83;751,33;51;2173;41,29;300;835,83;1135,83;351;0;0;0;0
552;363;430,88;128,4;830;2027;458,51;5342,59;7952,3;13294,89;363;0;0;0;0
553;112;187,48;335,86;10;1510;143,69;0;0;0;112;0;0;0;0
554;1408;174,92;4223,12;21;3081;257,5;150;1040,58;1190,58;1408;360;0;0;0
555;1842;164,87;1955,1;1162,78;2411;628,44;4773,47;5480,89;10254,36;1842;307;372;0;0
556;1252;238,74;401,49;21;1068;160,29;0;10211,68;10211,68;1252;0;0;0;0
557;2742;612,68;334,12;486;466;148,85;0;0;0;2742;0;0;0;0
558;2037;557,03;5050,32;53,15;3616;1371,75;6345,38;4673,53;11018,91;2037;495;0;0;10
559;319;279,45;2575,32;440,9;4139;367,44;1822,8;122,4;1945,2;319;328;0;0;60
560;345;237,3;772,63;613,55;2289;463,49;2333,88;2792,63;5126,51;345;0;0;0;0
561;24;280,63;433,38;44,2;892;942,97;150;0;150;24;0;0;0;0
562;430;112,05;169,1;744;2633;330,59;1809,55;492,56;2302,11;430;0;953;39;0
563;77;125,65;390,59;482;2863;54,4;150;0;150;77;0;0;0;0
565;35;0;1252,64;0;2167;127,49;0;161,3;161,3;35;0;0;0;0
566;3044;0;400,64;0;6;6,75;0;0;0;3044;0;0;0;0
567;113;112,05;443,72;372;2251;58,35;1849,33;1193,12;3042,45;113;0;0;0;0
568;50;0;0;0;72;1,37;0;0;0;50;0;0;0;0
569;729;400,05;4057,86;1006;3879;188,7;4445,95;2160,22;6606,17;729;0;0;0;0
570;249;224,1;4672,21;372;2385;2159,54;0;996,21;996,21;249;254;1602;0;0
571;598;62,87;11079,36;10;2638;146,74;0;0;0;598;0;0;0;90
572;88;162,34;564,89;411;3152;278,05;2262,06;1217,38;3479,44;88;236;0;0;0
573;72;0;131,22;0;1362;25,88;0;120;120;72;0;0;0;0
574;157;168,6;248,89;28,1;2530;328,07;0;0;0;157;0;0;0;0
575;103;92,88;1672,46;0;2199;668,16;0;0;0;103;418;0;0;0
576;68;0;0;0;2076;39,44;0;0;0;68;0;0;0;0
577;199;202,6;12,08;10;2487;175,3;150;112;262;199;319;0;0;0
578;161;176,83;48,54;16,9;2025;338,7;0;40;40;161;0;790;0;0
579;73;62,87;739,16;21;2076;49,24;0;40;40;73;0;0;0;0
580;1478;835,6;963,05;163;2086;179,63;7568,18;4134,13;11702,31;1478;0;0;0;0
581;202;0;724,84;10;1818;34,54;0;0;0;202;0;0;0;0
582;179;50,22;1894,04;0;1762;163,66;150;0;150;179;0;959;0;0
583;1520;1113,42;1857,68;1515,23;3460;736,14;8265,24;9330;17595,24;1520;314;74;0;0
584;2010;626,78;8966,15;1808,65;2252;157,79;5398;6075,81;11473,81;2010;0;0;0;40
585;517;416,25;7430,81;50,7;708;153,45;150;0;150;517;0;838;0;1160
586;49;113,09;145,48;0;96;583,74;153,75;20774,22;20927,97;49;0;0;0;0
587;642;200,64;1000,72;23,2;409;493,13;632,33;3256,76;3889,09;642;0;0;0;30
588;1825;0;44,91;0;564;10,72;300;5243,29;5543,29;1825;0;0;0;0
589;834;224,1;1183,53;0;1085;109,02;1809,55;316,16;2125,71;834;0;0;0;0
590;685;336,15;944,51;0;2899;769,26;0;4060,2;4060,2;685;0;0;0;0
591;74;0;435,26;0;157;2,98;0;240;240;74;0;0;0;10
593;485;629,55;6302,78;713,9;5302;2209,37;1849,33;0;1849,33;485;219;0;0;0
594;77;62,87;0;0;1058;20,1;0;12,8;12,8;77;0;0;0;0
595;751;133,65;899,62;195;2860;409,85;737,25;462,01;1199,26;751;377;0;0;0
596;2223;452,37;2264,04;438,35;783;129,88;3172,5;1927,38;5099,88;2223;0;0;0;0
597;3755;319,01;96,15;53;2012,7;171,48;0;631,32;631,32;3755;0;0;0;0
598;210;174,42;873,99;140,7;1644;453,34;0;2537,32;2537,32;210;0;0;0;0
599;124;173,73;0;0;1253;23,81;0;1388,61;1388,61;124;0;0;0;0
600;2740;748,76;563,68;999,78;2740;927,41;9284,1;1583,67;10867,77;2740;381;0;0;0
601;313;46,8;154,03;28,8;3819;332,64;150;0;150;313;0;1650;0;0
602;65;0;395,88;0;2529;99,23;0;0;0;65;0;0;0;0
603;513;441,64;1107,73;42;4091,55;509,93;4701,4;1863,09;6564,49;513;183;0;0;0
604;46;0;1490,1;0;1639;123,27;2987,83;0;2987,83;46;335;0;0;0
605;215;50,22;139,6;50;1706;312,41;0;392,41;392,41;215;0;0;0;0
606;179;0;152,86;0;877;16,66;0;0;0;179;0;0;0;0
607;60;0;1217,07;0;2294;262,99;0;0;0;60;220;0;0;0
608;297;211,51;536,82;216;626;266,89;1849,33;6949,4;8798,73;297;0;0;0;0
609;102;112,05;209,8;0;2253;42,81;0;0;0;102;0;0;0;0
610;288;0;37,71;0;356;146,76;0;5868,4;5868,4;288;0;0;0;0
611;2;0;336,18;0;158;310,54;0;2400;2400;2;0;0;0;0
612;32;26,1;1629,07;4,35;596;11,32;0;0;0;32;0;0;0;10
613;180;144,3;1114,14;24,05;2150;255,19;1699,33;0;1699,33;180;0;0;0;0
614;153;0;379,45;21;2745;58,76;0;10;10;153;0;0;0;0
615;123;0;22,33;0;1072;91,49;0;0;0;123;204;610;0;0
616;29;0;539,48;0;1004;19,08;0;354,33;354,33;29;0;0;0;0
617;0;0;0;0;0;0;0;0;0;1;0;0;0;0
618;300;50,22;941,9;21;3136;531,34;1699,33;0;1699,33;300;0;0;0;0
619;893;1965,74;571,39;1936,18;1884;369,9;10519,61;9155,06;19674,67;893;0;0;0;300
620;80;0;195,44;0;729;75,73;0;211,24;211,24;80;0;355;0;0
621;823;366,99;5702,96;566,2;3747;3591,11;0;865,81;865,81;823;256;827;0;0
622;548;145,97;1811,33;21;2943;217,82;0;922;922;548;344;0;0;0
624;60;50,22;1408,21;42;1690;570,31;300;0;300;60;0;0;0;0
625;1108;50,22;1057,03;121;2221;61,96;2322;0;2322;1108;0;493;0;0
626;3096;120;11,87;20;67;12,33;300;310,89;610,89;3096;0;0;0;0
627;2569;50,22;0;0;18;0,34;0;1687,28;1687,28;2569;0;104;0;0
628;701;190,2;1790,82;31,7;1998;832,44;150;0;150;701;238;960;0;0
629;927;120,15;3053,45;81,13;350;303,13;0;0;0;927;0;0;1228;0
630;497;670,27;6501,64;195;430;8,17;0;0;0;497;0;0;0;8280
631;136;162,27;0;0;1330;25,27;0;0;0;136;0;0;0;0
632;857;0;33,92;0;58;116,1;0;0;0;857;0;0;0;0
633;350;408,9;0;68,15;176;3,34;0;1114,66;1114,66;350;0;0;0;0
634;1199;832,5;797,45;317;285;5,42;5584,13;10017,18;15601,31;1199;0;0;0;100
635;54;0;259,84;0;873;44,35;0;0;0;54;0;0;0;0
636;931;0;0;0;150;2,85;1699,33;3970,85;5670,18;931;0;0;0;0
637;814;523,48;63,36;838;3392;204,45;300;1194,62;1494,62;814;0;0;0;0
638;0;0;0;0;0;0;0;0;0;1;0;0;0;0
639;864;112,05;2051,55;21;2954;73,13;150;0;150;864;0;0;0;0
640;1775;444,4;3289,96;527,45;3820;366,97;4597,33;1864,83;6462,16;1775;233;0;0;10
641;399;100,44;1902,7;347;2010;318,19;1606,5;1401,5;3008;399;0;0;0;10
642;264;224,1;1374,95;50;1496;495,62;0;0;0;264;257;1101;0;0
643;15;0;1755,47;0;425;2839,99;0;0;0;15;0;0;0;0
644;5415;2012,86;2667,81;496,73;2401;738,82;1232,33;2270,62;3502,95;5415;0;102;0;0
645;478;1349,65;300,77;442,6;4543;406,1;4411,39;2825,76;7237,15;478;0;0;0;0
701;1118;368,85;15,21;42,8;2384,92;227,55;0;354,33;354,33;1118;496;743;99;0
702;239;225,14;74,9;424;1939;36,84;150;754,32;904,32;239;0;0;0;0
703;308;1267,81;139,3;453;2177;41,36;3733,22;1113,14;4846,36;308;0;0;0;50
704;3777;2020,04;503,13;1168,18;2302;470,35;4974,12;7544,91;12519,03;3777;0;277;0;0
705;817;568,14;93,3;142;1516;28,8;4111,39;2867,97;6979,36;817;0;0;0;0
706;4396;484,31;3572,05;526,4;2217;462,12;7252,28;19299,73;26552,01;4396;0;0;0;0
707;489;774,6;11519,44;0;3077;461,62;150;290,28;440,28;489;0;0;0;30
708;1486;187,48;375,82;21;3385;204,32;450;1072,6;1522,6;1486;0;0;0;0
709;279;599,48;0;18,4;3230;621,37;0;0;0;279;0;0;10;0
710;653;2085,35;632,02;636;3357;343,38;5640,94;12511,3;18152,24;653;446;0;0;300
711;16011;1755,59;3937,88;2369,53;11494,6;1238,69;2562,06;474,33;3036,39;16011;0;0;1176;390
712;80;112,05;0;42;2095;39,8;0;397,8;397,8;80;0;0;0;0
713;2154;512,1;107,9;995;1925;241,2;8183;1878,17;10061,17;2154;232;0;0;0
714;448;848,93;1979,75;423,9;2084;182,79;150;1824,74;1974,74;448;561;0;0;0
715;554;699,67;10,76;672;2569;91,87;0;2145,11;2145,11;554;0;873;0;0
716;640;176,91;418,16;10;1279;194,18;150;0;150;640;0;0;34;0
717;116;150,86;1659,49;0;1257;1283,64;0;0;0;116;0;0;0;0
718;486;0;1020,88;0;9;140,17;0;0;0;486;0;0;0;0
719;3166;132,06;77,64;0;170;3,23;3144,83;14893,09;18037,92;3166;0;0;0;0
720;3087;0;263,74;372;270;5,13;244,59;1746,77;1991,36;3087;0;0;0;0
721;447;31,68;679,78;0;151;142,87;0;389,6;389,6;447;0;0;0;0
722;695;0;1635,85;0;198;471,26;0;0;0;695;0;0;0;50
723;350;151,2;1086,58;146,2;2241;284,12;300;724,42;1024,42;350;388;55;0;0
725;181;0;1346,51;0;1956;57,18;660;440;1100;181;0;0;0;0
726;410;50,22;3465,26;0;341;432,62;0;0;0;410;0;0;0;60
727;99;0;145,62;393;1061;20,16;2423,83;0;2423,83;99;0;0;0;0
728;2594;112,05;375,1;355;909;492,44;3194,39;392,41;3586,8;2594;71;98;0;0
729;29;224,1;2525,41;0;264;5,02;0;0;0;29;0;0;0;0
730;374;0;328;0;3307;622,83;150;392,41;542,41;374;0;0;0;0
731;189;0;2238,3;372;1577;169,96;300;0;300;189;0;0;0;0
732;17;92,23;579,76;0;739;158,24;0;0;0;17;0;0;0;0
733;136;112,05;313,33;0;1075;198,18;0;347,85;347,85;136;151;163;0;30
734;16;0;854,19;0;827;15,71;0;1193,12;1193,12;16;0;0;0;0
735;774;0;859,2;10;1327,58;16,32;37,5;0;37,5;774;0;0;0;0
736;406;496,2;533,3;543,3;984;158,7;1878;151,2;2029,2;406;0;0;0;0
737;131;0;762,54;210;1401;113,46;0;0;0;131;0;769;0;0
738;124;0;143,06;0;1853;290,21;0;0;0;124;0;215;0;0
739;6259;405,61;2017,26;540,6;1772,23;622,44;4371,61;2014,42;6386,03;6259;343;684;121;40
740;1368;170,29;640,81;20;3;140,06;0;781,22;781,22;1368;0;0;0;0
741;500;1273,59;828,17;250,75;1740;1158,16;1257,32;1683,86;2941,18;500;0;0;0;0
742;529;578,47;2752,03;50;659;245,96;300;1860;2160;529;0;0;0;30
743;1130;987,59;5,36;1015,78;2437;326,3;5268,88;9388,6;14657,48;1130;0;0;0;0
744;151;62,87;246,86;21;2165;191,82;0;0;0;151;0;0;0;0
745;2160;0;1,26;50;79;141,02;0;0;0;2160;538;0;0;0
746;138;296,83;69,12;69,78;382;122,46;0;0;0;138;0;0;28;300
747;4991;88,32;1987,38;0;545;10,36;706,8;0;706,8;4991;0;0;0;0
748;4156;0;1196,96;0;2;140,04;0;0;0;4156;0;19;0;0
749;1936;0;227,66;0;469;263,73;0;0;0;1936;0;1648;0;0
750;198;1523,86;0;479,85;2495;248,4;4333,22;711,48;5044,7;198;244;0;0;0
751;66;258,45;1226,31;24,4;2577;475,58;150;425,23;575,23;66;0;0;0;0
752;2123;401,05;4293,01;883;456;288,66;150;2647,03;2797,03;2123;0;102;0;0
753;7676;174,92;435,91;264,78;1020;159,38;0;0;0;7676;0;0;0;0
754;1831;1787,41;368,41;1005;3984;224,2;7589,87;8341,11;15930,98;1831;0;0;0;0
755;206;787,29;492,93;21;566;1266,39;0;80;80;206;0;0;18;10
756;61;0;3428,73;21;2628;196,13;2262,06;0;2262,06;61;0;0;0;0
757;1608;1808,68;75827,88;0;89;3155,97;150;2488,05;2638,05;1608;0;0;0;160
758;998;0;115,42;567;403;462,05;0;0;0;998;97;1546;0;0
759;323;1036,84;0;136;2329;44,25;394,59;4791,86;5186,45;323;0;0;0;0
760;550;286,97;0;173;1948;37,01;150;3451,28;3601,28;550;0;0;0;0
761;208;366,97;0;131;2859;169,32;150;708,65;858,65;208;0;0;0;0
762;2418;1084,83;440,62;626,93;3551;510,02;4093,26;4989,73;9082,99;2418;0;873;0;0
763;127;0;812,52;0;2223;438,09;0;4837,06;4837,06;127;351;0;0;0
764;213;462,92;158,5;21;1731;147,89;2504,14;0;2504,14;213;0;0;0;0
765;84;174,92;131,22;21;1678;31,88;112,5;0;112,5;84;0;0;0;0
766;267;15;423,7;2,5;1703;32,36;0;1193,12;1193,12;267;0;0;0;0
767;2039;1491,5;237,2;388;2040;178,76;2412,06;3125,76;5537,82;2039;0;0;0;0
768;695;2022,44;0;594;2123;40,34;2449,33;5804,06;8253,39;695;0;0;0;0
769;912;1378,41;220,13;99,4;2309;43,87;1699,33;5667,06;7366,39;912;0;0;0;0
770;1030;612,75;96,2;416;3852;114,69;4835,8;7738,23;12574,03;1030;166;0;0;0
771;118;62,87;695,02;0;1710;151,98;150;0;150;118;247;0;0;0
772;1970;4077,97;277,88;838;3101;338,92;3162,06;2200,97;5363,03;1970;0;0;0;0
773;560;535,26;634,56;51,35;3782;1092,56;150;615,13;765,13;560;452;679;0;0
774;16;254,64;876,33;0;0;0;0;0;0;16;0;0;0;0
775;2626;1184,3;5,9;434,1;2717;142,12;2299,33;2307,68;4607,01;2626;362;0;0;0
776;75;125,74;2066,69;0;129;2,45;0;0;0;75;0;0;18;30
777;305;504,55;52,42;541,2;1671;171,75;0;120;120;305;0;0;0;0
778;1021;1135,28;310,6;195;2552;48,49;1947,58;2200,84;4148,42;1021;0;0;0;0
779;908;324,19;0;42;1791;34,03;300;601,92;901,92;908;0;0;0;0
780;746;462,9;1691,8;382;1996;454,82;712,73;563,44;1276,17;746;0;0;0;0
781;392;843,5;0;563;2514;47,77;1699,33;2944,4;4643,73;392;0;0;0;10
782;953;1266,44;1814,28;184,5;3342;178,5;2149,33;1109,09;3258,42;953;0;0;0;10
783;1982;1400,17;365,59;191,73;2699;573,06;0;392,41;392,41;1982;0;928;3459;0
784;0;0;569,34;0;0;0;0;0;0;1;0;0;0;0
785;902;470,06;236,2;833,78;2978;336,58;394,59;977,22;1371,81;902;0;0;2629;0
786;1281;531,39;1907,26;493;3503,67;706,39;394,59;129,73;524,32;1281;0;2744;0;0
787;1610;81,3;834,2;55,55;2113;155,15;150;995,33;1145,33;1610;0;0;0;0
788;5250;923,68;735,96;1276;3157,05;222,4;4521,61;1078,16;5599,77;5250;0;0;94;0
789;12040;943,14;2531,6;274,78;1828;627,35;1699,33;0;1699,33;12040;0;104;0;0
790;187;187,48;1629,02;100;2650;665,79;300;724,42;1024,42;187;44;45;0;10
791;2564;1180,91;1239,52;173;2544;266,58;1717,5;730,2;2447,7;2564;274;23;0;10
792;865;446,39;313,82;126,55;2506;187,61;5423,5;7290,65;12714,15;865;0;0;0;0
793;1949;174,92;1753,39;110;2624;377,66;2289;1193,12;3482,12;1949;0;0;260;10
794;144;738,19;0;0;2721;191,7;0;1011,05;1011,05;144;0;359;0;0
795;1337;996,31;1105,32;131;2975;196,52;4371,61;1948,86;6320,47;1337;0;0;18;50
796;3747;1951,41;1891,45;537,7;1512;132,92;0;3775,47;3775,47;3747;283;0;0;0
797;2907;1804,23;877,06;1067,38;3209;672,55;2693,93;4975,58;7669,51;2907;0;2245;0;20
798;482;831,92;125,14;607,93;2572;680,37;3700,13;1377,76;5077,89;482;286;152;0;10
799;2991;201,09;5971,14;0;4973,4;159,8;0;360,8;360,8;2991;0;0;0;0
800;716;362,4;233,41;42;2457;46,68;0;996,21;996,21;716;0;0;0;0
801;147;487,01;5,7;21;2020;178,38;1849,33;615,61;2464,94;147;0;0;0;0
802;685;155,16;992,19;121;2358;595;3344,39;310,89;3655,28;685;0;160;0;0
803;1962;442,83;889,01;55;2187;680,87;300;1154,85;1454,85;1962;378;336;0;0
804;7370;1620,61;196,08;1394,78;1157;161,98;6483,67;7228,27;13711,94;7370;0;25;0;50
805;381;841,37;3598,77;501,75;3316;2135,49;789,18;0;789,18;381;615;922;0;10
806;1075;522,98;3792,37;413;3384;848,44;6171,4;1273,72;7445,12;1075;0;523;0;300
807;65;256,8;0;73,8;1477;168,06;450;1260,98;1710,98;65;0;0;0;10
808;55;250,35;0;72;1627;30,91;244,59;310,89;555,48;55;0;0;0;0
809;54;537,17;128,02;435,2;2289;181,17;450;0;450;54;0;0;0;50
810;271;728,21;445,5;597;3162;315,08;776,25;2831,15;3607,4;271;0;0;0;10
811;227;237,7;237,46;488;2663;190,6;6332,55;1640,65;7973,2;227;0;0;0;0
812;6750;601,58;855,84;531,78;4265,95;310,78;6205,32;1304,17;7509,49;6750;0;0;0;0
813;38;250,35;102,1;514;1880;35,72;450;956,35;1406,35;38;0;0;0;0
814;89;130,56;675,73;0;5;370,1;300;632,31;932,31;89;0;0;0;0
815;1720;1151,47;1370,61;273;2238;318,64;2149,33;2667,87;4817,2;1720;0;0;0;0
816;288;202,04;1286,92;195;1831;358,21;632,33;1765,75;2398,08;288;0;786;0;0
817;126;0;0;372;1109;21,07;244,59;0;244,59;126;0;843;0;0
818;24;0;1407,34;0;1362;25,88;244,59;0;244,59;24;0;0;0;0
819;57;112,05;328,66;0;1278;24,28;0;0;0;57;0;0;0;0
820;124;150,86;0;223;2187;41,55;300;1073,23;1373,23;124;0;0;0;0
821;496;1397,81;1183,67;712,75;2263;43,34;4221,61;3425,67;7647,28;496;0;0;0;0
822;29;0;461,07;21;1670;31,73;0;0;0;29;0;0;0;0
823;135;125,65;78,89;0;2273;335,15;244,59;674,71;919,3;135;0;458;0;0
824;21;0;1508,98;0;262;4,98;0;0;0;21;0;0;0;0
825;102;0;1060,97;0;1962;317,28;0;354,33;354,33;102;0;0;0;0
826;170;281,18;1790,1;316;2124;40,36;150;1075,44;1225,44;170;0;0;0;0
827;132;324,53;944,79;52;1399;117,83;1107,32;1919,29;3026,61;132;319;0;0;0
828;1622;224,1;608,9;195;132;142,51;2616;0;2616;1622;0;0;0;0
829;58;542,84;20,6;247;1978;177,58;2259,55;1126,86;3386,41;58;0;0;0;10
830;180;563,85;0;651;1676;31,84;4411,39;377,93;4789,32;180;0;0;0;0
831;863;2204,59;687,54;1541,65;2368;788,49;10598,58;6030,48;16629,06;863;0;0;0;50
832;2006;769,34;390,65;168,65;2560;575,4;4100,83;1883,81;5984,64;2006;0;367;0;0
833;1883;75,43;1597,5;0;207;493,01;0;328,05;328,05;1883;0;0;0;0
834;2349;460,05;148,9;96,95;2699;231,78;1999,33;0;1999,33;2349;162;0;0;0
835;3699;2037,01;171,73;241,56;4132;365,12;1999,33;5312,4;7311,73;3699;0;92;16;760
836;683;1040,1;1089,22;243,35;1975;54,7;2898;644,91;3542,91;683;0;196;0;0
837;528;403,47;610,57;705,15;3067;703,71;394,59;1383,43;1778,02;528;296;444;0;0
838;27;23,04;18105,15;0;735;260,35;0;0;0;27;0;0;0;0
839;0;738,43;2587,14;73,6;6;0,11;0;0;0;1;0;0;0;320
840;365;1460,55;344593,26;224,75;1123;161,34;0;0;0;365;0;0;0;0
841;574;687,13;606,15;75,05;276;5,24;0;0;0;574;0;0;0;300
842;5618;172,8;2613,33;28,8;1623;167,12;0;1045,8;1045,8;5618;0;0;0;0
843;92;28,32;369,59;934,78;2505;327,6;0;1758,83;1758,83;92;0;0;0;50
844;215;274,77;4012,33;0;1240;352,72;0;0;0;215;0;1015;0;30
845;481;388,44;56,66;195;1679;286,9;844,59;2531,69;3376,28;481;0;0;0;0
846;122;286,65;91,06;129,1;1860;109,63;826,8;0;826,8;122;277;0;0;0
847;289;219,45;5126,78;879,9;2720;51,68;2631,66;0;2631,66;289;0;0;0;0
848;20199;3904,02;3060,69;2603,75;3000;5542,76;1849,33;4827,61;6676,94;199;0;0;0;250
849;5861;0;0;0;0;0;0;0;0;10861;0;0;0;0
850;95;162,27;893,68;21;1307;164,83;2346;388,82;2734,82;95;0;0;0;0
851;6444;0;0;0;1;0,02;0;0;0;6444;0;0;0;0
852;197;243,31;362,08;0;1296;529,18;0;1253,07;1253,07;197;0;623;0;0
853;999;180,9;281,8;774,15;695;268,21;300;0;300;999;0;0;0;0
854;36;0;1684,93;0;1585;419,64;0;0;0;36;408;0;0;0
855;76;50,22;111,53;20;1173;583,41;150;0;150;76;0;0;0;0
856;77;0;84,46;0;769;82,71;0;853,47;853,47;77;0;0;0;0
857;146;78,9;2624,72;406,15;2009;38,17;2254,73;556,25;2810,98;146;0;0;0;10
858;949;989,36;838,4;1661;2055;319,04;2333,88;7563,55;9897,43;949;0;0;0;0
859;741;544,38;967,62;781,6;2822;642,49;7312,64;3265,73;10578,37;741;417;40;0;0
860;85;78,6;1580,56;385,1;1207;258,77;150;0;150;85;296;0;0;0
861;1642;512,96;1239,59;340,6;1037;278,94;2412,06;3483,14;5895,2;1642;0;0;0;10
862;70;174,92;5700,3;100;2764;52,52;0;0;0;70;0;0;0;0
863;2895;50,22;4781,46;0;28;0,53;0;0;0;2895;0;0;0;0
864;61;300,92;276,21;21;1776;192,96;0;0;0;61;0;0;0;0
865;1131;224,1;3806,4;372;5420,97;21,83;150;0;150;1131;0;0;0;0
866;1333;198,15;3197,47;14,35;2061;440,7;0;996,21;996,21;1333;0;0;0;0
867;4369;255,7;903,18;100;3201;201,1;1809,55;0;1809,55;4369;0;0;0;0
868;90;0;382,05;0;1247;23,69;0;392,41;392,41;90;0;0;0;0
869;52;221,04;10947,61;412,1;1337;510,38;2333,88;1078,75;3412,63;52;0;0;0;0
870;42;62,87;564,21;0;1402;26,64;0;40;40;42;0;0;0;0
871;1328;287,37;0;140,85;12;0,23;562,73;1665,13;2227,86;1328;0;0;0;0
872;265;30,83;4373,99;0;5755,45;221,25;1699,33;0;1699,33;265;0;869;0;0
873;337;547,2;2262,4;37,5;2684;177;1849,33;48,8;1898,13;337;414;985;0;0
874;592;50,22;4500,12;21;1109;21,07;632,33;2731,71;3364,04;592;0;0;0;0
875;88;0;9648,86;0;1831;243,03;0;0;0;88;0;0;0;10
876;241;50,22;64,15;754;2036;38,68;1026,92;585,71;1612,63;241;0;0;0;0
877;1509;64,38;9558;10;2040;3159,42;150;1868,76;2018,76;1509;390;0;0;30
878;159;113,76;2291,92;372;1820;314,58;0;267,95;267,95;159;0;0;0;0
879;204;216,6;149,04;36,1;1750;313,25;0;724,42;724,42;204;0;0;0;0
880;290;92,57;3523,1;376,95;3205;482,79;1699,33;0;1699,33;290;671;586;0;0
881;231;943,14;4507,05;42;4064;387,86;0;80;80;231;0;325;0;0
882;6;62,87;7,76;0;481;34,12;0;0;0;6;0;0;0;120
883;480;377,59;228,51;393;1218;70,16;2931;3354,34;6285,34;480;0;0;0;50
884;59;0;4539,12;0;670;615,44;0;0;0;59;259;0;0;0
885;945;2965,81;325,75;2994,13;1725;630,81;14461,68;13334,35;27796,03;945;0;0;0;40
886;150;414,12;3763,31;220,6;2430;371,63;2299,33;1298,21;3597,54;150;0;0;0;0
951;587;1153,66;965,21;228,6;4278;679,53;150;608,09;758,09;587;347;0;0;0
952;1051;1671,01;620,19;905,25;4844;1000,31;450;2984,83;3434,83;1051;377;0;0;0
953;205;512,01;224,15;21;3589;81,59;2781,66;316,16;3097,82;205;0;0;0;0
954;4364;1524,27;1025,52;131,3;4284;299,73;4895,74;286,63;5182,37;4364;291;22;0;0
955;383;651,26;312,03;199;3674;69,81;1849,33;3141,22;4990,55;383;0;0;0;0
956;4132;684,02;3685,38;987,75;2047;548,89;12077,76;5992,54;18070,3;4132;0;0;0;0
957;69;0;1858,84;10;1918;36,44;1849,33;101,6;1950,93;69;0;0;0;0
958;811;45,84;548,72;0;4547,22;150,64;0;0;0;811;0;0;0;60
959;397;100,44;270,36;378;2131;155,49;600;587,86;1187,86;397;0;0;0;0
960;503;203,76;510,58;48,6;3280;342,32;0;0;0;503;0;0;0;0
961;4948;534,62;239,48;325,05;1133;157,78;1012,73;34959,19;35971,92;4948;545;0;0;0
962;185;131,59;578,36;120;2188;187,17;1699,33;102,4;1801,73;185;0;0;0;0
963;1287;322,61;1026,02;130,95;2813;708,76;10624,05;6949,77;17573,82;1287;0;1082;0;0
964;125;237,7;90,99;445;1705;184,76;2299,33;1826,06;4125,39;125;0;0;0;0
965;825;0;280,09;21;2317;44,02;1743;0;1743;825;0;0;0;0
966;2268;150;700,86;10;2620;2960;4947;16835,1;21782,1;2268;0;0;0;0
967;465;488,16;946,01;28,2;2215;182,08;0;1258,26;1258,26;465;0;0;0;0
968;2850;1450,09;896,16;1168,33;1799;158,78;1575,45;11075,99;12651,44;2850;212;0;74;10
969;4366;461,76;2476,3;584,8;794;15,09;5752,85;4473,35;10226,2;4366;0;0;0;0
970;4476;1358,25;2778,44;918;1722;468,22;0;5588,83;5588,83;4476;0;201;0;0
971;2004;25,2;291,5;392;1794;349,48;264;610,81;874,81;2004;583;853;0;300
972;989;3138,65;360,25;917,9;452;387,35;1050;1743,36;2793,36;989;0;955;0;60
973;446;665,64;5702,58;63,2;2569;188,81;300;2862,67;3162,67;446;0;0;0;0
974;276;150,86;1526,96;100;1168;440,49;0;2027,02;2027,02;276;270;0;0;0
975;3004;937,59;515,92;521,75;1684;670,88;244,59;2009,87;2254,46;3004;0;0;0;0
976;478;224,1;453,32;20;1930;36,67;150;1040,58;1190,58;478;0;0;0;0
977;2029;286,97;2167,56;290;597;151,34;0;0;0;2029;0;0;0;0
978;2322;488,14;0;2279;1312;176,18;4561,39;1666,31;6227,7;2322;45;47;0;10
979;281;0;686,02;10;2570;201,08;712,73;0;712,73;281;49;51;0;0
980;72;0;31,39;0;447;30,89;0;0;0;72;0;0;0;0
981;85;0;0;21;735;13,96;0;0;0;85;0;0;0;0
982;198;112,05;2691,8;0;677;127,86;0;724,42;724,42;198;0;0;0;0
983;133;243,32;8209,9;524,4;1246;295,07;300;1504;1804;133;0;0;0;0
984;168;0;847,17;0;1177;22,36;0;0;0;168;0;0;0;0
985;150;112,05;1357,75;0;959;158,22;0;0;0;150;0;1513;0;0
986;593;508,2;251,89;94,7;1530;145,32;2441,87;9008,69;11450,56;593;465;0;74;0
987;526;0;122,1;744;1521;448,9;394,59;7029,57;7424,16;526;0;0;0;0
988;1402;778,5;0;129,75;2872,93;158,05;0;80;80;1402;0;0;0;0
989;286;50,22;213,47;374,78;3275;746,56;6758,87;0;6758,87;286;253;0;0;0
990;221;162,27;1649,74;50;1380;713,72;2106;3141;5247;221;0;0;0;0
991;86;0;0;0;721;13,7;0;0;0;86;0;0;0;0
992;61;0;2299,79;21;1925;36,57;0;0;0;61;0;0;0;0
993;600;0;0;195;21;0,4;150;8977,5;9127,5;600;0;0;0;0
994;59;194,57;122,1;216,95;1578;169,98;1999,33;354,33;2353,66;59;0;0;0;0
995;56;112,05;6761,36;0;1161;458,82;0;0;0;56;0;1255;0;0
996;460;0;205,4;0;3768;471,81;0;0;0;460;268;0;0;0
997;47;0;244,19;50;1323;25,14;0;0;0;47;0;0;0;0
998;358;466,38;4504,83;131,3;3478;1022,84;2277;866,85;3143,85;358;308;71;0;0
999;115;75,43;797,98;464;2044;178,84;394,59;1683,94;2078,53;115;0;0;0;0
1000;15;1450,56;2074,88;69,78;537;623,78;0;0;0;15;0;0;223;0
1001;632;390,15;2010,18;519;2589;226,75;3961,39;4104,28;8065,67;632;0;466;0;0
1002;148;284,97;3865,66;30,45;2412;1544,83;0;576,9;576,9;148;260;0;0;0
1003;86;50,29;130,14;0;1198;22,76;150;0;150;86;0;0;0;0
1004;1220;0;1,14;0;2;0,04;0;1581,93;1581,93;1220;0;0;0;0
1005;1121;470,57;3172,48;402,6;2405;45,7;0;1357,01;1357,01;1121;0;0;0;0
1006;223;1101,09;11042,64;148,1;2317;111,18;0;936,7;936,7;223;0;0;0;0
1007;24;0;4321,62;0;542;10,3;0;0;0;24;0;0;0;0
1008;143;0;6,57;0;909;43,55;75;0;75;143;0;1526;0;0
1009;497;0;36,99;0;1355;173,72;1809,55;0;1809,55;497;0;0;0;0
1010;1569;1059,68;685,62;891,85;2603;355,96;3398,67;763,49;4162,16;1569;206;0;0;0
1011;178;174,92;279,58;0;1412;26,83;0;0;0;178;0;0;0;0
1012;119;0;5504,62;21;801;26,72;0;40;40;119;0;0;0;0
1013;2105;176,22;317,41;372;2789;332,99;4010,73;1383,21;5393,94;2105;0;0;0;0
1014;5895;150,65;1222,29;0;201;3,82;0;5475,63;5475,63;5895;0;0;0;0
1015;45;0;597,32;21;1810;174,39;0;20;20;45;0;0;0;0
1016;130;180,61;298,88;13,65;1229;927,35;0;40;40;130;118;0;0;0
1017;134;0;4551,97;21;928;157,63;0;0;0;134;0;0;0;0
1018;266;275,58;5221,8;598;3092;314,14;5446,88;1514,76;6961,64;266;241;361;0;0
1019;52;207,9;122,1;0;746;129,17;600;453,99;1053,99;52;0;0;0;30
1020;44;0;791,32;0;3128;70,59;0;0;0;44;0;0;0;0
1021;226;174,92;2127,09;0;1039;316,5;150;0;150;226;0;0;0;0
1022;729;100,44;1797,6;100,78;1639;887,03;300;885,72;1185,72;729;309;1749;0;20
1023;96;100,32;7448,88;0;1560;649,76;0;0;0;96;0;0;0;0
1024;33;134,7;5069,95;22,45;1304;82,28;0;392,41;392,41;33;230;0;0;0
1025;293;112,05;3606,57;21;2943;700,62;0;0;0;293;228;755;0;0
1026;166;3803,1;5204,63;633,85;1583;170,08;0;0;0;166;0;0;0;0
1027;411;432,08;159,8;36,6;751;794,23;150;981,04;1131,04;411;414;0;0;0
1028;2363;288,01;1019,74;939,78;1479;190,4;6800,54;6221,97;13022,51;2363;0;0;0;0
1029;54;224,1;1400,22;0;1680;186,67;1849,33;0;1849,33;54;59;62;0;0
1030;378;85,92;3147,72;20;2675;190,82;632,33;92,8;725,13;378;0;849;0;0
1031;125;50,22;1611,58;667;774;129,71;2149,33;0;2149,33;125;0;0;0;20
1032;88;112,79;529,56;21;917;145,25;0;0;0;88;343;0;0;0
1033;87;426,12;2224,74;125,3;2260;42,94;150;0;150;87;0;0;0;0
1034;830;0;3984,01;0;2480;167,27;0;0;0;830;233;0;0;0
1035;28;0;344,31;0;1242;23,6;0;0;0;28;0;0;0;0
1036;27;0;0;0;1073;20,39;0;0;0;27;0;0;0;0
1037;298;459,09;4503,63;358;3468;1240,69;2262,06;310,89;2572,95;298;318;0;0;300
1038;279;0;2914,53;20;2481;160,1;0;724,42;724,42;279;0;1212;0;0
1039;209;274,32;1778,58;21;2107;40,03;132;0;132;209;0;0;0;0
1040;183;112,05;1075,91;100;2048;38,91;0;698,82;698,82;183;0;0;0;0
1041;36;37,2;3766,66;31;1289;24,49;1090,8;973,53;2064,33;36;0;0;0;0
1042;45;62,87;5255,83;754;2416;185,9;150;354,33;504,33;45;0;0;0;0
1043;183;360,9;721,56;60,15;1833;573,73;0;0;0;183;176;63;0;0
1044;112;0;1616,81;84;1158;232,1;244,59;176,8;421,39;112;0;0;0;0
1045;68;112,05;1966,86;52;798;164,54;150;0;150;68;0;0;0;0
1046;385;370,37;0;110;1518;168,84;1107,32;1085,22;2192,54;385;0;0;0;0
1047;264;139,92;41,34;110;2163;181,1;300;936,73;1236,73;264;0;0;0;0
1048;620;216,04;2312,02;8,95;2899;333,38;2295,39;724,42;3019,81;620;380;37;0;0
1049;726;691,77;317,61;637;3323;108,78;4040,93;0;4040,93;726;0;1126;0;0
1050;57;375,9;1685,34;25,3;1824;172,08;0;0;0;57;0;0;0;0
1051;1177;236,88;1767,04;1967,98;1525;308,98;9045,58;7202,8;16248,38;1177;0;0;0;0
1052;68;0;288,41;0;1846;38,87;0;40;40;68;0;0;0;0
1053;420;112,05;51,8;0;1017;19,32;1699,33;275,4;1974,73;420;0;0;0;0
1054;10106;36,48;383,1;0;614;107,87;150;5842,28;5992,28;10106;0;0;0;0
1055;113;0;901,67;195;2092;345,86;0;114,4;114,4;113;355;155;0;0
1056;28;0;1778,84;0;533;172,33;0;0;0;28;290;0;0;0
1057;385;347,19;2327,74;229,55;695;221,26;5118,3;0;5118,3;385;0;0;0;0
1058;146;187,48;773,76;482;3158;723,46;0;40;40;146;4;603;0;0
1059;630;408,16;3249,31;303,8;2489;47,29;1999,33;0;1999,33;630;0;0;0;0
1060;644;112,05;392;195;1401;91,87;0;45;45;644;261;0;0;0
1061;143;0;64,5;21;2106;180,01;0;1394,01;1394,01;143;0;0;0;0
1062;62;0;226,24;0;1745;438,71;0;0;0;62;271;0;0;0
1063;748;436,95;354,57;226,1;1139;21,64;150;12,8;162,8;748;0;0;0;0
1064;1233;50,22;364,54;110;2672;50,77;2562,06;388,82;2950,88;1233;0;0;0;0
1065;108;0;19512,75;0;553;3800,35;0;0;0;108;484;328;0;0
1066;49;0;0;0;2784;192,9;0;0;0;49;0;0;0;0
1067;335;50,22;0;21;1936;36,78;150;0;150;335;0;0;0;0
1068;128;0;433,8;0;2210;181,99;0;0;0;128;0;0;0;0
1069;39;0;122,1;372;2693;51,17;104,25;0;104,25;39;0;0;0;0
1070;320;263,74;0;169,78;1887;35,85;2607,77;2775,05;5382,82;320;0;0;0;0
1072;35;0;171,9;0;2140;40,66;0;0;0;35;0;0;0;0
1073;246;195,9;2559,28;337,65;1699;210,32;0;0;0;246;0;0;0;0
1074;1350;673,95;60;0;164;103,12;3247,33;1801,8;5049,13;1350;0;0;0;0
1075;868;0;386,02;10;300;145,7;4147,43;2038,27;6185,7;868;0;0;0;0
1076;105;50,22;2053,77;0;1734;379,75;0;0;0;105;0;0;0;30
1077;237;0;2065,45;195;1884;247,55;2101,5;0;2101,5;237;287;0;0;0
1078;153;279,29;15325,02;492;440;288,36;828,73;580,78;1409,51;153;0;0;0;300
1079;233;62,87;185,08;0;490;9,31;0;0;0;233;0;0;0;0
1080;207;102,6;432,51;452,1;734;268,95;1928,83;3054,36;4983,19;207;0;0;0;60
1081;230;0;87,75;372;1140;136,66;0;354,33;354,33;230;0;0;0;0
1082;101;0;1781,4;0;1645;684,94;0;0;0;101;0;0;0;0
1083;210;106,31;295,68;367;2621;374,36;0;269,8;269,8;210;428;0;0;0
1084;234;197,55;2041,16;215;1882;315,76;300;59,2;359,2;234;0;0;0;0
1085;283;205,14;484,28;47,15;1913;1836,81;150;3751,34;3901,34;283;0;1059;0;0
1086;266;112,05;8464,94;20;2939;934,15;1699,33;176,8;1876,13;266;473;844;0;40
1087;211;44,4;406,98;30;2207;41,93;244,59;2360,89;2605,48;211;0;0;0;0
1088;542;528,47;1537,59;608;2573;606,65;3741,66;2097,74;5839,4;542;0;0;0;0
1089;327;506,67;42,9;72;2503;47,56;0;2856,97;2856,97;327;0;0;0;0
1090;216;363,54;0;97,75;2216;322,1;0;2778,6;2778,6;216;0;0;0;0
1091;543;406,63;63;781;2563;154,45;4440,77;1532,89;5973,66;543;423;0;0;0
1092;326;68,94;0;62;2362;44,88;0;388,3;388,3;326;0;0;0;0
1093;252;112,05;0;20;2306;43,81;0;0;0;252;0;0;0;0
1094;114;145,89;452,86;0;2327;433,71;0;0;0;114;438;0;0;0
1095;110;62,16;455,9;21;2002;350,5;0;0;0;110;0;0;0;0
1096;759;112,05;18219,33;0;213;415,59;0;5172,92;5172,92;759;0;0;0;0
1097;25;0;153,36;0;106;11,47;0;0;0;25;0;0;0;0
1098;338;83,52;295;42;1661;31,56;0;0;0;338;0;0;0;0
1099;3969;163,44;1017,5;24;1561;29,66;0;2060,85;2060,85;3969;0;0;0;0
1100;155;0;3606,86;0;1992;43,75;0;0;0;155;0;867;0;0
1101;132;112,05;418,81;0;1975;319,29;0;0;0;132;0;0;0;0
1102;642;417,57;2450,1;413;3016;738,26;4621,65;2614,13;7235,78;642;0;0;0;0
1103;259;423,6;8500,92;436,25;484;289,2;242,25;1167,67;1409,92;259;0;0;0;0
1104;100;0;191,94;21;2068;39,29;60;0;60;100;0;0;0;0
1105;423;18,96;216,15;467;1523;397,88;1710;2239,06;3949,06;423;346;434;0;0
1106;116;0;1403,24;0;1718;1837,25;0;0;0;116;407;933;0;0
1107;133;0;694,76;21;1770;33,63;150;131,2;281,2;133;0;0;0;0
1108;1469;188,4;76,4;295;1266;525,55;0;0;0;1469;326;148;0;0
1109;91;106,32;72,83;0;736;225,92;0;356;356;91;0;0;0;0
1110;31;0;77,18;0;382;7,26;0;0;0;31;0;0;0;0
1111;5583;428,16;1740,09;2942;2371;300,05;6685,73;18127,43;24813,16;5583;0;0;0;0
1112;501;455,87;3611,28;299,25;1790;174,01;5582,55;3547,79;9130,34;501;0;0;0;0
1113;24;112,05;3434,31;0;391;7,43;0;0;0;24;0;0;0;40
1114;512;0;90,01;0;726;373,83;0;9437,62;9437,62;512;0;0;0;100
1115;82;0;340,72;472;2789;52,99;1809,55;0;1809,55;82;0;0;0;0
1116;206;359,7;4434,84;59,95;2805;127,48;1849,33;0;1849,33;206;0;0;0;0
1117;6304;389,44;3993,21;414;2532;757,85;0;2896,21;2896,21;6304;396;713;0;0
1118;248;337,18;154,8;791;1364;402,16;1999,33;1490,58;3489,91;248;0;362;0;0
1119;2376;406,23;31;47,55;2084;179,6;2269,33;3791,92;6061,25;2376;0;0;0;0
1120;261;114,9;1595,09;19,15;2883;267,68;1627,2;666,01;2293,21;261;0;0;0;0
1121;144;0;2216,97;93;2496;47,42;955,73;313,7;1269,43;144;0;0;0;0
1122;64;0;10517,92;0;671;1696,55;0;0;0;64;0;0;0;0
1123;446;0;998,1;472;3666;69,65;933,6;0;933,6;446;0;0;0;20
1124;83;250,65;0;33,1;1248;163,71;150;392,41;542,41;83;0;0;0;0
1125;260;376,08;9117,76;21;2012;374,66;0;440;440;260;363;0;0;0
1126;904;250,35;1198,28;21;2613;1633,35;562,73;1861,83;2424,56;904;0;0;0;0
1127;999;910,61;1876,04;1230,3;3705;429,9;8056,61;1450,43;9507,04;999;318;0;0;0
1128;166;424,23;2284,34;18,65;832;284,71;150;0;150;166;0;0;0;1070
1129;139;166,67;18467,05;389,3;1998;227,46;150;0;150;139;198;0;0;0
1130;307;174,92;3020,98;337;1959;2016,4;0;587,86;587,86;307;0;666;0;0
1131;109;75,84;402,17;492;1285;171,14;150;0;150;109;0;0;0;0
1132;94;112,8;3430,15;0;1667;31,67;0;783;783;94;0;0;0;0
1133;602;191,27;1533,64;216,4;1990;197,31;63;0;63;602;78;534;0;0
1134;202;131,51;26,1;0;376;147,14;1347,6;256;1603,6;202;0;0;0;30
1135;404;464,94;6408,12;79,1;1730;892,01;582,75;1126,02;1708,77;404;318;1170;0;0
1136;90;0;2880,81;10;2056;1365,4;0;0;0;90;0;0;0;0
1137;115;112,05;166,58;708;1769;33,61;1163,85;161,3;1325,15;115;0;0;0;0
1138;250;112,05;430,32;21;2076;552,76;0;310,89;310,89;250;352;1097;0;0
1139;27;384,95;12129,29;29,45;322;34,82;0;0;0;27;0;0;0;60
1140;755;578,22;3227,54;183,75;2758;529,34;1999,33;1260,12;3259,45;755;0;0;0;0
1141;33;0;47,84;0;1281;139,34;0;0;0;33;0;0;0;0
1142;220;0;969,47;393;3041;197,78;225,75;0;225,75;220;0;0;0;0
1143;69;223,5;34957,16;37,25;425;493,93;0;0;0;69;301;0;0;70
1144;1659;4610,8;1811,59;2111,33;1898;1378,3;8881,55;8501,34;17382,89;1659;404;2273;0;310
1145;139;112,05;4126,34;30;2745;330,7;2278,5;587,86;2866,36;139;0;0;0;0
1146;142;162,95;0;0;385;7,32;0;6344,55;6344,55;142;0;0;0;0
1147;224;0;2169,37;205;981;180,36;150;0;150;224;0;0;0;0
1148;1373;95,7;302,57;15,95;2249,74;544,36;150;0;150;1373;0;0;0;20
1149;0;0;194,86;0;41;0,78;0;0;0;1;0;0;0;0
1150;738;187,48;257,69;382;3298;178,47;0;307,28;307,28;738;315;0;0;0
1151;54;0;108,72;0;1873;35,59;0;0;0;54;0;0;0;0
1152;776;0;194,49;0;481;9,14;2851,5;0;2851,5;776;0;0;0;0
1153;46;0;45,45;0;1771;33,65;0;120;120;46;0;0;0;0
1154;94;50,22;185,94;762;1352;769,43;2746,5;724,42;3470,92;94;0;0;0;0
1155;85;49,92;0;0;1437;27,3;0;80;80;85;0;0;0;0
1156;1315;114,78;932,98;10;157;2,98;150;639;789;1315;0;0;0;210
1157;2097;597,36;17,48;10;0;69,94;150;3093,98;3243,98;2097;0;0;0;0
1158;289;299,53;471,86;184;2262;190,42;3124,79;1898,12;5022,91;289;0;0;0;20
1159;73;187,48;122,1;142;2901;55,12;2777,64;1222,13;3999,77;73;0;0;0;0
1160;95;0;2487,34;0;1482;356,45;0;0;0;95;409;651;0;0
1161;330;268,53;122,1;21;2111;40,11;2412,06;3061,35;5473,41;330;0;0;0;0
1162;294;828,79;2168,58;501,75;3776;267,74;2574;0;2574;294;224;0;0;0
1163;250;30,83;0;562;2009;38,17;3883,22;2836,53;6719,75;250;0;0;0;0
1164;193;177,6;845,26;405,2;2895;393,5;632,33;2266,29;2898,62;193;234;0;0;0
1165;2774;264,57;105,51;67,05;3558;716,64;5252;0;5252;2774;348;972;0;0
1166;138;187,48;1769,01;0;2378;45,18;112,5;120;232,5;138;0;0;0;0
1167;84;0;3696,54;100;3223;419,68;3823,33;0;3823,33;84;0;0;0;0
1168;121;0;20,54;0;1449;205,96;1688,4;0;1688,4;121;385;0;0;0
1169;295;41,28;893,69;120;4709;1283,83;1699,33;1383,21;3082,54;295;0;0;0;0
1170;222;277,8;478,8;46,3;3093;338,77;0;0;0;222;0;0;0;0
1171;259;62,87;36,99;21;1323;102,02;0;260,8;260,8;259;0;1580;0;0
1172;1259;175,2;0;102,2;1171;162,25;150;160;310;1259;0;0;341;0
1173;226;0;951,53;0;208;309,07;2318,33;1766,1;4084,43;226;0;987;0;0
1174;65;0;122,1;0;548;10,41;0;0;0;65;0;0;0;0
1175;262;336;0;39,65;848;156,11;0;1413,24;1413,24;262;0;0;0;0
1176;147;0;860,32;195;4459;240,12;5970,9;0;5970,9;147;0;0;0;0
1177;927;146,87;4326,81;1429;5535;625,06;5960,73;2766,81;8727,54;927;459;68;0;30
1178;80;0;3428,73;0;1605;59,22;0;80;80;80;58;61;0;0
1179;2626;1083,44;924,81;2846,95;1375;334,02;14463,18;10558,12;25021,3;2626;0;0;0;0
1180;138;0;648,55;0;1702;278,34;0;1216,99;1216,99;138;424;0;0;0
1181;264;0;0;31;1185;302,52;0;176,8;176,8;264;0;0;0;0
1182;77;75,43;459,43;21;2683;263,77;150;0;150;77;49;50;0;0
1183;202;154,2;1706,79;497,7;2449;589,45;4623,6;9171;13794,6;202;188;0;0;0
1184;36;0;1592,7;0;646;12,27;0;0;0;36;0;0;0;0
1185;210;125,74;0;100;1175;22,32;632,33;1095,7;1728,03;210;0;0;0;0
1186;192;373,92;5349,75;37,6;210;1019,99;0;0;0;192;0;0;0;0
1187;422;194,85;54,9;42;1994;37,89;0;354,33;354,33;422;0;0;0;0
1188;306;112,05;384,03;21;1257;23,88;150;1777,43;1927,43;306;0;0;0;0
1189;369;245,15;3825,94;46,1;1541;247,78;150;1931,87;2081,87;369;314;470;0;0
1190;111;0;413,15;10;2268;435,96;1699,33;286,63;1985,96;111;369;0;0;0
1191;93;152,4;641,07;507,4;2599;243,88;1849,33;0;1849,33;93;218;79;0;0
1192;7;112,05;707,43;0;693;21,29;0;0;0;7;0;0;0;0
1193;178;145,5;2709,16;24,25;2381;45,24;0;0;0;178;0;0;0;0
1194;30;0;168,58;372;1326;178,33;2562,06;69,6;2631,66;30;0;0;0;0
1195;154;0;5723,59;0;3595;615,02;300;0;300;154;279;0;0;0
1196;1240;515,1;1941,88;114,45;4447,37;60,94;0;0;0;1240;0;0;0;0
1197;51;0;140,43;10;1795;79,81;0;0;0;51;0;0;0;0
1198;90;0;2251,5;0;1560;194,89;0;0;0;90;101;151;0;0
1199;3;0;528,22;0;71;1,35;0;0;0;3;0;0;0;40
1251;60;0;1979,1;0;21;895,05;150;0;150;60;69;71;0;40
1253;1980;449,82;2074,42;432,25;2582;284,3;5750,76;4263,45;10014,21;1980;256;0;0;0
1254;90;50,22;569,2;0;1405;26,7;1699,33;1168,21;2867,54;90;0;0;0;0
1255;58;0;0;0;1077;20,46;0;0;0;58;0;0;0;0
1256;480;0;936,81;0;2188;54,07;3279,6;576;3855,6;480;50;53;0;0
1257;2797;0;0;0;4584,7;159,7;0;40;40;2797;0;0;0;80
1258;33;0;1477,41;0;1213;125,69;107,25;0;107,25;33;0;0;0;0
1259;222;281,17;4493,78;410,55;2492;282,41;1699,33;1487,94;3187,27;222;0;835;0;30
1260;415;304,35;9671,55;32,05;3780;456,22;244,59;0;244,59;415;0;2089;126;0
1261;135;0;1230,7;21;2364;437,17;0;0;0;135;449;0;0;0
1262;81;0;65,7;0;2110;180,09;1809,55;0;1809,55;81;0;0;0;0
1263;151;79,8;81,2;13,3;1472;111,47;0;0;0;151;334;0;0;0
1264;270;224,1;914,71;69,78;1781;89,7;300;0;300;270;0;0;0;0
1265;160;1178,56;14733,27;827,75;1740;173,06;2404,73;1192,28;3597,01;160;0;0;0;0
1266;10;0;0;0;898;17,06;0;0;0;10;0;0;0;0
1267;78;112,05;65,5;316;1850;35,15;150;354,33;504,33;78;0;0;0;0
1268;91;393,89;1205,26;53,9;795;75,87;0;0;0;91;0;974;0;0
1269;332;624,59;587,04;120;2328;202,27;6073,28;918,57;6991,85;332;224;39;0;0
1270;246;194,52;587,37;53,1;2224;1170,74;0;1047,6;1047,6;246;0;1416;0;0
1271;156;449,23;29,13;285,78;1356;29,32;244,59;1624,43;1869,02;156;0;0;2793;10
1272;284;0;6,57;0;1327;25,21;0;277,65;277,65;284;0;0;35;0
1273;2140;1147,48;539,08;586,78;4306;221,81;5236,85;4756,04;9992,89;2140;0;0;0;0
1274;129;50,22;2776,03;372;3533;192,93;150;0;150;129;0;0;0;0
1275;228;830,52;1043,84;487,05;2004;323,9;4000,56;1196,61;5197,17;228;192;0;0;0
1276;452;0;4865,47;0;96;380,84;0;0;0;452;0;2548;0;0
1277;3643;224,1;1602,84;588;513;27,87;2105,4;3763,02;5868,42;3643;0;0;0;0
1278;607;224,1;0;10;810;15,39;0;388,82;388,82;607;0;0;0;0
1279;2095;3212,96;0;1737,7;688;268,07;7526,03;14518,85;22044,88;2095;0;0;0;0
1280;486;1328,47;762,47;225;1836;40,7;3698,67;2085,21;5783,88;486;0;0;0;0
1281;494;255,92;0;318,5;267;5,07;1806,75;2930,44;4737,19;494;0;0;0;0
1282;70;0;104,96;0;1308;113,99;0;0;0;70;312;0;0;0
1283;1;0;742,72;0;72;236,99;0;0;0;1;0;0;0;0
1284;2143;1062,45;3562,44;2058,56;2467;707,57;2393,93;12040,64;14434,57;2143;498;783;0;650
1285;402;169,2;0;138,2;1970;37,43;0;0;0;402;0;955;0;10
1286;527;0;0;0;56;1,06;0;1749,16;1749,16;527;0;0;0;0
1287;172;189;1157,97;403,5;3916;533,73;150;0;150;172;413;0;0;10
1288;122;0;1103,92;0;1477;183,6;1699,33;0;1699,33;122;0;0;0;0
1289;39;112,05;1212,94;0;502;1097,4;0;0;0;39;0;0;0;0
1290;308;0;47,64;0;1186;334,28;0;886,81;886,81;308;127;74;0;0
1291;1708;266,43;1705,77;372;393;7,47;0;17027,97;17027,97;1708;0;0;0;0
1292;54;57,6;726,56;21;766;14,55;0;0;0;54;0;0;0;0
1293;736;655,8;549,51;38,85;3725;261,41;2209,5;851,95;3061,45;736;0;418;0;0
1294;869;548,76;3158,69;138,7;1698;332,12;150;549,73;699,73;869;0;0;0;0
1295;140;81,9;898,52;13,65;1089;160,69;0;0;0;140;0;0;0;0
1296;1153;0;466,32;10;2319,81;163,62;0;0;0;1153;0;0;0;0
1297;64;0;375,53;372;1556;416,19;244,59;0;244,59;64;405;0;0;0
1298;310;62,87;6543,7;50;1436;212,09;0;3351,15;3351,15;310;95;0;57;110
1299;44;0;2312,38;20;1332;47,71;1699,33;0;1699,33;44;0;0;0;0
1300;146;0;0;0;0;0;0;0;0;146;0;0;0;0
1301;457;405,38;2132,66;499,05;3383;417,9;1699,33;9300,9;11000,23;457;254;0;0;320
1302;15;112,05;15,94;0;695;45,74;0;1750,5;1750,5;15;0;0;0;0
1303;329;485,97;2448,05;220,15;2258;452,76;0;0;0;329;110;0;0;80
1304;367;264,13;864,04;257,45;2297;338,66;150;0;150;367;0;0;0;0
1305;273;593,65;0;434,56;1481;28,14;4857,06;1441,65;6298,71;273;0;0;0;600
1306;707;246,8;925,56;914;3620;927,89;1943,93;2455,82;4399,75;707;179;0;0;0
1307;432;437,7;1399,78;407,6;1819;416,29;1849,33;0;1849,33;432;453;679;0;0
1308;516;225,14;1175,84;1049;2954;475,97;2262,06;0;2262,06;516;0;0;0;10
1309;341;349,84;143,4;21;1715;219,84;586,8;7571,7;8158,5;341;189;0;0;20
1310;348;434,19;1292,21;27,25;2851;515,61;0;66,4;66,4;348;244;0;0;0
1311;58;0;100,97;0;504;157,42;0;0;0;58;0;0;0;110
1312;8069;50,29;595,23;567;307;145,83;481,5;246,32;727,82;8069;0;0;0;0
1313;25;112,05;28517,46;0;206;826,92;0;0;0;25;0;0;0;70
1314;90;153,9;597,97;25,65;593;78,07;0;375,62;375,62;90;0;0;0;20
1315;78;0;8,8;0;285;40,64;150;0;150;78;0;0;0;0
1316;285;372,26;2993,73;0;358;121,8;0;0;0;285;0;0;0;300
1317;383;306,45;3806,08;32,4;588;965,89;150;0;150;383;106;0;0;0
1318;45;165,41;2795,09;7,25;2768;206,93;0;375,62;375,62;45;0;0;0;40
1319;787;170,52;787,11;215,05;746;14,17;394,59;10716,82;11111,41;787;0;0;0;0
1320;95;167,97;695,3;21;522;11,02;0;260,8;260,8;95;0;0;0;0
1321;591;162,27;0;0;0;0;244,59;0;244,59;591;0;0;0;0
1322;64;237,79;4179,44;372;557;36,96;394,59;0;394,59;64;0;0;0;0
1323;143;174,92;0;0;488;9,27;0;0;0;143;0;0;0;0
1324;31;0;11919,03;0;1870;35,53;0;0;0;31;0;0;0;40
1325;184;150,3;4899,51;25,05;1010;748,62;0;0;0;184;343;627;0;0
1326;83;0;825;0;1294;1332,59;0;0;0;83;0;0;0;0
1327;87;0;1695,04;0;1377;250,05;0;0;0;87;361;0;0;0
1328;250;237,7;1273,06;1181,78;2324;184,16;6445,28;724,42;7169,7;250;0;0;0;30
1329;40;0;854,67;0;2077;39,46;0;0;0;40;0;0;0;0
1330;386;0;6215,31;0;628;892,87;0;0;0;386;0;622;0;0
1331;57;0;1529,51;0;1636;340,34;0;0;0;57;0;496;0;0
1332;84;228,48;9620,45;28,4;1773;187,43;0;0;0;84;0;0;0;10
1333;360;1302,91;1387,3;980,6;1756;173,36;6014,67;651,86;6666,53;360;0;0;0;0
1334;9;0;432,84;0;757;14,38;0;0;0;9;0;0;0;0
1335;146;338,85;1602,89;561,8;1810;34,39;2109,55;0;2109,55;146;0;0;0;0
1336;40;0;1880,86;0;2573;48,89;0;0;0;40;0;0;0;0
1337;121;0;2592,48;0;1221;879,28;0;0;0;121;498;0;0;0
1338;75;0;3101,52;0;1689;172,09;0;0;0;75;0;0;0;0
1401;959;772,53;7683,21;84,1;1893;203,72;150;2170,58;2320,58;959;111;115;0;60
1402;625;0;178,24;0;101;1,92;150;1006,2;1156,2;625;0;0;0;0
1403;1284;315,3;1450,55;195;557;150,58;150;0;150;1284;0;0;0;0
1404;366;0;0;0;0;0;0;0;0;366;0;0;0;0
1405;5908;858,11;648,63;511;1000;299;150;467,36;617,36;5908;0;0;207;310
1406;106;0;0;0;79;1,5;150;4675,8;4825,8;106;0;0;0;0
1407;1033;0;0;0;484;9,2;150;4652,11;4802,11;1033;0;0;0;0
1408;743;50,22;0;0;279;235,3;600;492,5;1092,5;743;0;0;0;0
1409;2787;870,27;1477,11;1107,63;3359;351,22;450;849,12;1299,12;2787;0;1415;6690;10
1410;1407;2423,96;0;1472,75;266;5,05;6973,45;23274,24;30247,69;1407;0;0;0;310
1411;2641;1950,32;313,82;2499,75;690;13,11;8075,54;14741,32;22816,86;2641;0;0;0;0
1412;3433;1644,27;805,1;1402;1277;320,05;10853,43;17832,62;28686,05;3433;0;0;0;0
1413;2017;1939,63;313,82;1966,15;429;8,15;3538,52;7145,86;10684,38;2017;0;0;0;10
1414;1742;1254,56;313,82;399,63;2866;474,45;3028,48;571,62;3600,1;1742;0;958;16;300
1415;414;484,3;353,01;420;3508;206,65;244,59;899,86;1144,45;414;0;0;0;300
1416;401;595,05;2714,63;143,5;2183;448,68;2243,93;0;2243,93;401;322;483;0;0
1417;577;2660,69;506,9;455,28;5805;390,3;8633;4595,35;13228,35;577;0;272;0;50
1418;38;187,48;0;0;1603;170,46;150;0;150;38;0;0;0;0
1419;23;20,4;3144,16;0;522;124,12;0;0;0;23;0;0;0;0
1420;43;0;104,29;21;447;199,43;0;0;0;43;134;0;0;0
1421;3456;0;169,94;50;603;28,02;0;4368,68;4368,68;3456;0;0;0;0
1422;2472;112,05;3696,03;0;9;13,47;7716;9261,25;16977,25;2472;0;0;0;0
1423;46;0;373,41;0;149;2,83;0;0;0;46;0;0;0;0
1424;1606;1627,31;22097,13;152,7;2374;1280,33;5972,46;427,49;6399,95;1606;412;0;0;170
1425;531;100,5;1565,6;0;3368;241,41;450;724,42;1174,42;531;0;0;0;0
1426;638;283,63;5,44;422,7;2353;206,47;1849,33;948,47;2797,8;638;0;0;0;0
1427;230;0;420,9;0;2058;257,56;150;392,41;542,41;230;0;0;0;0
1428;361;347,05;17,28;13,85;1365;25,94;3619,09;981,04;4600,13;361;0;0;0;0
1429;129;112,05;366,29;393;2635;190,06;300;1794,6;2094,6;129;0;0;0;0
1430;253;0;2713,04;326;3597;317,48;1699,33;1306,17;3005,5;253;0;1651;0;0
1431;333;112,05;1877,92;10;3642;485,19;150;0;150;333;423;0;0;0
1432;254;112,05;5622,37;121;4110;78,09;2781,66;432,45;3214,11;254;0;0;0;0
1433;363;332,97;1984,86;418,45;1787;1265,33;300;0;300;363;0;0;0;0
1434;153;0;425,21;20;461;288,76;0;64;64;153;0;0;0;0
1435;195;801;5425,1;133,5;721;108,56;150;1211,41;1361,41;195;366;0;0;0
1436;381;100,44;4,83;0;1300;44,02;0;2244,63;2244,63;381;0;0;0;50
1437;374;219,49;538,47;386,2;3531;207,09;7723,55;962,45;8686;374;0;0;0;0
1438;258;274,38;113,2;69,78;909;470,05;0;8982,54;8982,54;258;0;0;0;10
1439;183;0;26,34;393;567;380,86;150;724,42;874,42;183;499;0;0;0
1440;94;0;98,29;0;567;187,07;0;0;0;94;0;568;0;0
1441;4188;144;8365,63;134;686;391,62;0;0;0;4188;143;149;0;30
1442;53;0;0;0;1385;26,32;0;0;0;53;0;0;0;0
1443;17;62,87;780,67;372;1485;28,22;244,59;76;320,59;17;0;0;0;0
1444;212;0;242,74;10;3475;547,81;3232,93;0;3232,93;212;0;1525;0;0
1445;201;162,27;707,21;141;2920;129,27;544,59;783,51;1328,1;201;225;0;0;0
1446;64;213;298,06;35,5;2022;1370,64;0;0;0;64;0;0;0;0
1447;155;225,14;1,38;390;2422;51,54;2243,93;0;2243,93;155;0;0;0;0
1448;302;196,75;8299,78;32,85;2588;443,62;4127,81;1749,32;5877,13;302;363;1120;0;20
1449;120;30;859,41;5;2450;186,55;0;0;0;120;0;0;0;0
1450;115;0;416,09;195;1694;32,19;0;0;0;115;0;0;0;0
1451;74;174,92;382,1;0;1756;33,36;0;1448,85;1448,85;74;0;0;0;0
1452;24;112,05;0;0;855;16,24;0;392,41;392,41;24;0;0;0;0
1453;571;174,92;14802,26;875;2267;489,23;1999,33;286,63;2285,96;571;636;0;0;0
1454;165;162,27;0;42;2565;48,74;2460;853,47;3313,47;165;0;0;0;0
1455;0;0;0;0;0;0;0;0;0;1;0;0;0;0
1456;4371;793,71;1863,04;588,5;1206;98,23;0;238,92;238,92;4371;0;0;0;0
1457;1886;37,92;0;0;107;2,03;0;0;0;1886;0;0;0;0
1458;490;0;0;0;0;0;0;0;0;490;0;0;0;0
1459;739;38,64;206,58;195;1240;392,26;3000,23;4978,55;7978,78;739;0;0;0;0
1460;411;0;0;0;171;3,25;0;0;0;411;0;0;0;0
1461;6;40,38;0;1,85;20;0,38;0;0;0;6;0;0;0;0
1462;797;112,05;17320,25;10;2652,5;1762,23;0;0;0;797;0;0;0;20
1463;98;443,14;528,09;56,8;2443;555,12;932;0;932;98;0;0;0;0
1464;116;0;70,89;372;2856;58,62;150;805,95;955,95;116;0;0;0;0
1465;234;226,17;516,81;121;2978;455,4;1849,33;0;1849,33;234;718;47;0;0
1466;576;383,38;334,83;577,65;2834;580,19;450;291,03;741,03;576;0;753;0;0
1467;2797;237,79;926,46;285,78;7650,94;239,11;1849,33;447,93;2297,26;2797;586;0;0;10
1468;277;483,88;0;977,65;3198;60,76;750;2192;2942;277;0;0;0;0
1469;11;0;0;0;202;3,84;0;0;0;11;0;0;0;0
1470;186;290,08;10972,84;17,1;567;524,57;0;0;0;186;0;0;0;110
1471;0;0;0;0;0;0;0;0;0;1;0;0;0;0
1472;161;0;0;0;0;0;0;0;0;161;0;0;0;0
1473;1468;0;0;0;0;0;226,5;0;226,5;1468;0;0;0;0
1474;327;0;0;0;1;0,02;0;0;0;327;0;0;0;40
1475;324;0;0;0;0;0;0;0;0;324;0;0;0;0
1476;688;112,05;0;0;0;0;0;0;0;688;0;0;0;0
1477;504;313,05;431,68;25,3;2;0,04;0;388,82;388,82;504;0;0;0;0
1478;0;0;1710,12;0;306;5,81;0;0;0;1;0;0;0;0
1479;69;0;278,37;0;2782;66,68;0;0;0;69;0;0;0;0
1480;7683;138;318,32;23;150;20,85;0;81,6;81,6;7683;0;0;0;0
1481;75;50,29;4578,01;10;3770;366,35;150;981,04;1131,04;75;0;0;0;0
1482;179;63,84;87,66;785;1836;365,52;782,33;988,42;1770,75;179;18;18;0;0
1483;48;0;211,62;0;856;16,26;0;0;0;48;0;0;0;0
1484;426;233,57;3215,55;1021,45;4310;327,78;8855,16;1595,94;10451,1;426;403;0;0;0
1485;1066;376,77;0;20;644;407,24;4377;3673,79;8050,79;1066;0;0;0;0
1486;373;1173,12;370,6;10;2068;1508,81;300;0;300;373;0;441;0;20
1487;19;203,1;5582,79;20,45;417;7,92;0;129,6;129,6;19;0;0;0;10
1488;0;0;194,24;0;2;0,04;0;0;0;1;0;0;0;0
1489;0;0;170,72;0;5;115,1;0;0;0;1;0;0;0;10
1490;100;0;143,02;0;999;255,64;0;0;0;100;0;0;0;0
1491;88;0;2474,99;0;1602;481,28;150;316,16;466,16;88;388;0;0;0
1492;166;339,06;333,56;33,55;2269;183,11;0;0;0;166;0;0;0;0
1493;350;204,36;1342,11;19,05;1928;590,59;1999,33;0;1999,33;350;0;923;0;0
1494;514;0;1587,44;0;2918;225,96;0;2101,05;2101,05;514;490;45;0;0
1495;0;0;7,4;0;269;5,11;0;0;0;1;0;0;0;0
1496;211;0;126,99;21;3095;344,66;150;0;150;211;214;0;0;0
1497;484;184,8;1007,14;718,8;3996;623,47;6467,89;1209,11;7677;484;357;535;0;410
1498;779;1333,71;1528,74;144,3;2239;2049,92;3360,8;3440,05;6800,85;779;0;995;0;10
1499;269;340,01;304,87;21;1755;542,05;1705,5;2179,44;3884,94;269;0;194;0;0
1500;1298;1074,85;511,34;2670,65;3057;204,1;15241,93;7850,65;23092,58;1298;0;0;0;0
1501;97;0;768,06;21;3489;66,29;0;40;40;97;0;0;0;0
1502;74;0;122,08;0;75;708,98;0;0;0;74;317;0;0;100
1503;227;60;54,31;21;3549;172,1;150;0;150;227;305;457;0;130
1504;125;0;0;0;725;13,78;150;1126,84;1276,84;125;0;0;0;60
1505;418;778,5;296,46;129,75;945;27,76;2742,09;0;2742,09;418;0;0;0;0
1506;30;0;393,29;0;1926;326,55;1699,33;0;1699,33;30;0;0;0;0
1507;287;621,32;1072,63;263,05;1183;537,26;562,73;165,6;728,33;287;244;0;0;60
1508;146;62,87;0;567;886;16,83;150;0;150;146;0;0;0;50
1509;99;461,79;144,86;0;826;177,36;0;1309,91;1309,91;99;81;0;0;30
1901;130225,42;95101,59;242949,05;75111,93;236552,26;69462,77;258831,2;444381,47;703212,67;130225,42;5211;25165;11622;0
1902;52646,14;14476,22;77470,47;11547,38;85262,81;14389;73195,32;92176,32;165371,64;52646,14;2429;13449;0;0
1903;0;0;0;0;73;1,39;0;0;0;1;0;0;0;0
1904;525,49;62,87;0;0;885;16,82;0;7024,43;7024,43;525,49;0;0;0;0
1905;895,9;2884,47;4598,44;818,3;3275;1127,51;2299,33;101,53;2400,86;895,9;166;0;0;0
1906;225,2;867,29;119,9;129,75;880;16,72;0;0;0;225,2;0;0;0;0
1907;57,14;0;0;0;231;4,39;0;0;0;57,14;0;0;0;0
1908;30,74;85,56;233,99;4,9;647;167,85;150;375,62;525,62;30,74;0;0;0;0
1909;81;203,46;1688,96;14,95;414;22,19;0;0;0;81;0;0;0;0
1910;27;114,77;438,4;8,65;388;56,75;150;375,62;525,62;27;0;0;0;0
1911;721,03;384,77;909,01;733,3;2094;333,91;4432,24;286,63;4718,87;721,03;0;836;0;0
1912;12,7;0;0;0;89;1,69;244,59;0;244,59;12,7;0;0;0;0
1913;389,1;120,78;43,92;0;651;189,9;394,59;9487,8;9882,39;389,1;47;47;0;0
1914;1001,16;354;51481,62;843,2;4764;1687,37;5791,82;12753,24;18545,06;1001,16;255;0;0;50
1915;16,93;112,05;0;0;305;5,8;0;246,32;246,32;16,93;0;0;0;0
1916;560,11;548,66;3662,55;1398,05;1939;1160,08;2093,93;2373,9;4467,83;560,11;206;0;0;0
1917;75,13;0;0;0;318;6,04;0;0;0;75,13;0;0;0;0
1918;21,16;0;0;0;157;2,98;0;0;0;21,16;0;0;0;0
1919;208,2;456,2;352,52;12,6;735;389,38;0;375,62;375,62;208,2;0;0;0;0
1920;32,13;288,45;122,1;205,6;241;144,58;0;296,1;296,1;32,13;0;0;0;0
1921;54,65;0;551,08;0;150;19,11;0;324,8;324,8;54,65;0;0;0;0
1922;3252,82;1761,41;3400,47;1774,7;5855;1666,9;12306,41;4571,98;16878,39;3252,82;363;753;0;0
1923;82,54;0;0;0;144;2,74;0;0;0;82,54;0;0;0;0
1924;58,2;0;47,96;0;352;82,93;0;0;0;58,2;0;0;0;0
1925;958,29;408,71;1175,96;518,78;3334;1070,84;2552,4;238,4;2790,8;958,29;189;0;0;0
1926;34,92;0;0;0;163;3,1;0;0;0;34,92;0;0;0;0
1927;129,34;169,19;482,82;0;576;1942,21;0;0;0;129,34;0;0;0;0
1928;59,26;0;11,15;0;412;52,43;0;0;0;59,26;0;0;0;0
1929;741,99;50,22;279,09;50;897;538,96;150;109,6;259,6;741,99;0;0;0;0
1930;425,95;355,65;358,67;486;3421;844,69;150;4501,46;4651,46;425,95;157;0;0;0
1931;24,04;75,43;31,2;0;360;6,84;0;308,2;308,2;24,04;0;0;0;0
1932;10,58;0;1969,47;0;39;18,88;0;1944,35;1944,35;10,58;0;0;0;0
1933;110,01;27;28,2;4,5;383;120,06;0;1939,05;1939,05;110,01;0;0;0;0
1934;13110,73;5473,38;25895,6;4863,75;28103,9;5798,68;33411,75;34895,87;68307,62;13110,73;770;2913;0;20
1935;2230,04;777,56;3837,49;243,95;3277;1112,12;1996,8;1998,01;3994,81;2230,04;96;0;0;0
1936;20,11;0;0;0;149;2,83;0;0;0;20,11;0;0;0;0
1937;75,61;0;1410,93;0;236;4,48;0;0;0;75,61;0;0;0;0
1938;6,35;0;3,73;0;70;16,25;0;0;0;6,35;0;0;0;0
1939;23,28;0;286,91;0;349;60,01;0;0;0;23,28;0;0;0;0
1940;322,59;33,6;227,75;5,6;490;920,31;0;0;0;322,59;0;0;0;0
1941;50,79;0;0;0;304;5,78;0;0;0;50,79;0;0;0;0
1942;32,8;0;0;0;204;3,88;0;397,8;397,8;32,8;0;0;0;0
1943;12,7;0;0;0;86;1,63;0;0;0;12,7;0;0;0;0
1944;962,06;724,16;1772,8;1620,95;3755;898,84;4371,61;6583,33;10954,94;962,06;239;0;0;0
1945;26,45;0;0;0;146;2,77;0;0;0;26,45;0;0;0;0
1946;160,31;453,75;221,65;0;993;21,07;1811,83;5813,5;7625,33;160,31;0;0;0;0
1947;99,95;0;329,41;0;575;306,17;0;124,8;124,8;99,95;0;0;0;0
1948;41,27;0;0;0;248;4,71;0;0;0;41,27;0;0;0;0
1949;347,81;848,33;1575,71;639,4;1649;562,31;394,59;724,42;1119,01;347,81;0;0;0;0
1950;156,98;164,27;701,32;96,68;1321;764,42;0;1300,44;1300,44;156,98;60;0;0;0
1951;241,62;439,78;1548,24;204,5;1270;276,67;394,59;63;457,59;241,62;0;0;0;0
1952;36,42;331,38;122,1;0;508;9,65;0;260,8;260,8;36,42;0;0;0;0
1953;90,72;200,55;1636,27;14,75;870;284,15;0;1019,23;1019,23;90,72;0;0;0;0
1954;82,78;0;0;0;317;6,02;632,33;4112,64;4744,97;82,78;0;0;0;0
1955;13,98;0;0;0;185;3,52;0;0;0;13,98;0;0;0;0
1956;120,6;93,6;351,65;65,6;560;321,94;0;375,62;375,62;120,6;0;0;0;0
1957;39,15;245,41;0;0;426;8,09;0;0;0;39,15;0;0;0;0
1958;27,51;0;0;0;190;3,61;0;0;0;27,51;0;0;0;0
1959;21,63;880,27;0;0;204;3,88;0;0;0;21,63;0;0;0;0
1960;25,4;0;0;0;166;3,15;0;70,4;70,4;25,4;0;0;0;0
1961;32,8;0;0;0;218;4,14;0;0;0;32,8;0;0;0;0
1962;37,78;0;122,1;0;575;10,92;0;0;0;37,78;0;0;0;0
1963;600,62;125,65;76,44;411;1120;161,28;300;0;300;600,62;0;0;0;0
1964;15,04;91,2;3,28;0;254;17,93;0;0;0;15,04;0;0;0;0
1965;58,58;0;66,6;0;639;12,14;0;0;0;58,58;0;0;0;0
1966;31,52;0;209,9;0;238;4,52;0;74,4;74,4;31,52;0;0;0;0
1967;74,95;224,1;66,7;0;611;151,61;0;0;0;74,95;0;0;0;0
1968;10,98;0;0;0;591;11,23;0;0;0;10,98;0;0;0;0
1969;89,18;0;0;0;771;14,65;150;0;150;89,18;0;0;0;0
1970;123,48;169,35;146,25;9,55;268;5,09;0;0;0;123,48;0;0;0;0
1971;76,58;112,05;204,48;0;605;349,34;1,5;375,62;377,12;76,58;0;0;0;0
1972;152,35;112,05;1203,51;0;1287;286,73;0;142,4;142,4;152,35;0;0;0;0
1973;71,18;126,69;1773,14;0;368;6,99;0;0;0;71,18;0;0;0;0
1974;24,34;0;0;0;148;2,81;0;375,62;375,62;24,34;0;0;0;0
1975;359,23;213,65;965,17;914,35;1756;458,36;1999,33;2504,81;4504,14;359,23;0;0;0;0
1976;274,23;397,71;587,77;16,45;1343;301,54;150;0;150;274,23;160;0;0;0
1977;23,55;0;10,97;10;357;50,66;0;0;0;23,55;0;0;0;0
1978;26,58;0;0;0;204;143,88;0;724,42;724,42;26,58;0;0;0;0
1979;72,8;0;51,4;0;842;16;0;0;0;72,8;0;0;0;0
1980;26,45;0;895,05;0;158;3;0;0;0;26,45;0;0;0;0
1981;40,34;62,87;0;0;479;9,1;0;0;0;40,34;0;0;0;0
1982;39,15;0;122,1;0;289;5,49;0;0;0;39,15;0;0;0;0
1983;4256,96;6690,83;6222,41;2307,08;11444;3772,5;16701,55;9672,25;26373,8;4256,96;381;817;0;0
1984;120,63;215,97;242,75;0;549;10,43;0;238,92;238,92;120,63;0;0;0;0
1985;148,83;596,35;157,3;0;1252;304,61;0;310,89;310,89;148,83;0;0;0;0
1986;46,88;0;0;0;286;5,43;0;0;0;46,88;0;0;0;0
1987;168,83;827,53;384,72;276,85;704;315,65;244,59;375,62;620,21;168,83;139;0;0;0
1988;18,89;0;359,17;0;129;567,39;0;375,62;375,62;18,89;0;0;0;0
1989;79,36;0;30,41;0;548;132,05;0;0;0;79,36;0;0;0;0
1990;9508,74;6612,01;28260,62;3362,53;19031;3783,32;27146,45;21901,3;49047,75;9508,74;727;4457;0;0
1991;27,51;0;0;0;178;3,38;0;375,62;375,62;27,51;0;0;0;0
1992;202,03;300,66;615,69;6,75;1141;674,95;450;375,62;825,62;202,03;101;0;0;0
1993;108,64;248,25;140,3;22,7;728;153,83;0;0;0;108,64;0;0;0;0
1994;6,35;0;0;0;192;3,65;0;0;0;6,35;0;0;0;0
1995;37,68;39;0;6,5;660;12,54;0;0;0;37,68;0;0;0;0
1996;396,7;1693,74;1350,27;1368,15;1108;710,66;1999,33;2363,7;4363,03;396,7;201;0;0;0
1997;121,56;0;230,74;0;662;447,16;244,59;375,62;620,21;121,56;0;0;0;0
1998;171,34;50,22;122,1;10;494;124,39;0;0;0;171,34;0;0;0;0
1999;55,03;0;0;0;362;6,88;0;0;0;55,03;0;0;0;0
2000;8815,08;6316,99;12728,76;4236,45;16218,18;3447,88;25920,08;27026,1;52946,18;8815,08;721;1686;0;0
2001;5,29;0;1044,49;60;305;72,6;0;0;0;5,29;0;0;0;0
2002;8,47;217,2;0;0;58;1,1;0;0;0;8,47;0;0;0;0
2003;108,18;0;13,88;0;816;211,02;0;0;0;108,18;0;0;0;0
2004;111,77;75,43;122,1;0;531;10,09;0;0;0;111,77;0;0;0;0
2005;0;0;82,34;0;0;0;0;0;0;1;0;0;0;0
2006;84,22;242,4;84,05;14,4;376;343,34;0;0;0;84,22;0;0;0;0
2007;82,84;454,43;494,32;11,7;603;11,46;0;126,4;126,4;82,84;0;0;0;0
2008;783,35;277,35;1788,99;1022,55;1829;839,19;9837,75;2378,84;12216,59;783,35;0;856;0;0
2009;30,09;62,87;0;0;633;12,03;0;0;0;30,09;0;0;0;0
2010;661,51;440,61;366,29;7,4;555;10,54;0;371,58;371,58;661,51;0;0;0;0
2011;70,16;353,25;296,81;2,85;863;419,92;0;1192,44;1192,44;70,16;0;0;0;0
2012;228,15;38,4;48,76;6,4;1361;97,7;244,59;277,6;522,19;228,15;0;0;0;0
2013;67,04;39,3;75,69;6,55;507;9,63;0;0;0;67,04;0;0;0;0
2014;22,22;0;7,18;0;158;31,74;0;0;0;22,22;0;0;0;0
2015;79,17;0;0;0;469;8,91;0;375,62;375,62;79,17;0;0;0;0
2016;7551,13;2898,62;22732,44;2602,78;16447;3043,11;22047,71;28744,23;50791,94;7551,13;0;2460;0;0
2017;174,44;842,6;1077,6;205,85;503;144,3;0;0;0;174,44;0;0;0;0
2018;33,86;218,25;348,98;212,7;614;375,73;0;0;0;33,86;0;0;0;0
2019;119,1;247,63;617,31;28,7;259;4,92;0;0;0;119,1;0;0;0;0
2020;83,6;0;0;0;421;8;0;0;0;83,6;0;0;0;0
2021;69,84;0;0;0;333;6,33;0;0;0;69,84;0;0;0;0
2022;86,77;296,83;422,98;0;578;309,3;0;0;0;86,77;0;0;0;0
2023;297,32;123,3;1105,39;20,55;937;367,67;394,59;0;394,59;297,32;197;0;0;0
2024;66,44;0;140,96;0;387;74,16;0;0;0;66,44;0;0;0;0
2025;54,22;101,87;0;6,5;521;9,9;0;392,41;392,41;54,22;0;0;0;0
2026;63,13;34,8;215,11;5,8;360;6,84;0;0;0;63,13;0;0;0;0
2027;31,75;0;122,1;0;240;4,56;0;0;0;31,75;0;0;0;0
2028;28,57;0;0;0;223;4,24;0;0;0;28,57;0;0;0;0
2029;3285,5;486,02;4736,79;1259,35;10723;3635,57;11474,15;8949,37;20423,52;3285,5;391;441;0;10
2030;342,86;278,4;314,82;46,4;2626;105,15;0;60;60;342,86;0;1220;0;0
2031;101,56;0;488,28;10;722;347,26;150;0;150;101,56;0;0;0;0
2032;29,63;0;100,74;0;199;87,14;0;0;0;29,63;0;0;0;0
2033;154;223,89;152,51;30,2;867;16,47;0;0;0;154;0;0;0;0
2034;291,03;861,45;961,42;721,9;2414;2400,38;1943,93;0;1943,93;291,03;183;0;0;0
2035;102,95;0;122,1;0;290;5,51;150;768,02;918,02;102,95;0;0;0;0
2036;26,45;33;79,06;5,5;185;3,52;0;1014,82;1014,82;26,45;0;0;0;0
2037;146,83;155,57;525,98;15,45;1116;112,5;932,33;865,35;1797,68;146,83;0;0;0;0
2038;1237,73;566,57;2438,62;142,4;4831;1790,09;2250;2700;4950;1237,73;252;61;0;0
2039;3268,12;4226,43;12485,51;1892,65;10368;2913,02;11492,93;6739,27;18232,2;3268,12;270;1824;0;0
2040;83,44;0;0;0;572;150,87;150;157,69;307,69;83,44;0;0;0;0
2041;419,88;193,41;54;195;834;231,87;0;3667,05;3667,05;419,88;0;0;0;0
2042;1260,36;1574,68;1003,43;1092,75;3154;1394,95;14865,31;5363,03;20228,34;1260,36;0;428;0;0
2043;673,99;0;2762,52;0;1339;74,44;632,33;597,6;1229,93;673,99;196;0;0;0
2044;116,02;0;1199,43;0;590;198,77;496,8;392,41;889,21;116,02;0;0;0;0
2045;401,44;0;332,3;0;1237;812,92;0;10657,74;10657,74;401,44;0;0;0;0
2046;344,07;224,1;2421,09;10;2506;556,75;0;392,41;392,41;344,07;108;0;0;0
2047;373,92;360,02;1591,68;582,85;1636;695,76;1291,2;456,8;1748;373,92;126;0;0;0
2048;56,1;0;122,1;0;386;7,33;0;375,62;375,62;56,1;0;0;0;0
2049;1499,55;1879,37;1425,9;409,5;2910;1038,09;4291,21;2384,82;6676,03;1499,55;140;0;0;30
2050;330,7;224,1;2747,22;50;1320;986,2;0;6000;6000;330,7;0;0;0;0
2051;507,18;1191,29;3621,67;0;1526;208,49;932,33;867,62;1799,95;507,18;0;0;0;0
2052;28814,31;12072,58;92009,53;9957,25;52949,31;10698,49;77325,94;180588,26;257914,2;28814,31;1829;8310;2403;0
2053;1114,1;185,76;593,18;0;798;15,16;0;0;0;1114,1;0;0;0;0
2054;149,1;0;0;0;422;8,02;0;212;212;149,1;0;0;0;0
2055;422,03;612,17;1682,36;1220,38;6729;1777,81;1545,53;3386,1;4931,63;422,03;0;0;0;0
2056;190,48;0;10162,01;372;2755;501,91;244,59;4837,06;5081,65;190,48;0;0;0;0
2057;4642,3;2535,46;3668,22;1746,33;8265;2203,21;7329,06;32712,54;40041,6;4642,3;317;1762;0;0
2058;297,19;521,35;871,04;21,7;1063;140,8;150;0;150;297,19;0;0;0;0
2059;273,71;290,07;517,74;216,3;1785;236,76;0;0;0;273,71;141;0;0;0
2060;547,4;518,84;986,89;327,2;3715;1080,15;1557,6;1548,15;3105,75;547,4;133;0;0;0
2061;143,67;404,84;263,29;0;735;129,76;1,5;0;1,5;143,67;0;0;0;0
2062;440,97;614,08;575,62;1079,78;2724;669,6;1699,33;2130,4;3829,73;440,97;100;0;0;0
2063;634,57;519,83;1228,22;776,8;2807;1720,1;1999,33;4464,09;6463,42;634,57;96;0;0;0
2064;408,32;492,66;732,83;77,95;1680;1299,65;300;839,2;1139,2;408,32;125;0;0;0
2065;433,02;274,82;3843,1;211,65;1364;278,5;0;0;0;433,02;0;0;0;60
2066;1225,53;1600,49;2020,18;476,75;3268;1419,71;1789,2;3455,66;5244,86;1225,53;130;0;0;0
2067;402,77;198,6;306,84;405,1;3323;667,85;3018;172,8;3190,8;402,77;247;0;0;0
2068;736,56;349,26;1108,89;425,85;3065;991,92;244,59;178,4;422,99;736,56;224;0;0;0
2069;815,88;419,12;5128,53;694,5;3316;774,57;394,59;16835,35;17229,94;815,88;112;0;0;0
2070;1114,88;1116,92;1088,04;529;2366;1714,45;0;386,55;386,55;1114,88;196;0;0;0
2071;118,62;88,5;1029,94;219,75;1024;773,07;0;996,21;996,21;118,62;87;0;0;0
2072;108,81;0;20,38;0;592;207,75;0;0;0;108,81;0;0;0;0
2073;137,88;62,87;20,44;0;801;236,98;0;375,62;375,62;137,88;0;0;0;0
2074;1280,28;595,92;2037,95;927,5;4394;1456,39;6725,67;6130,69;12856,36;1280,28;166;466;0;0
2075;113,63;224,1;39,73;0;535;309,09;0;0;0;113,63;0;0;0;0
2076;607,69;0;144,4;0;418;7,94;0;0;0;607,69;0;0;0;0
2077;4874,49;1689,58;1630,24;878,6;9581;1583,86;14514,6;6396,08;20910,68;4874,49;228;555;0;0
2078;538,05;287,1;1114,11;166,05;2598;642,62;2220;213,6;2433,6;538,05;120;203;0;0
2079;10420,98;5110,23;5189,46;4036,58;19020,64;2038,67;18297,53;11617,78;29915,31;10420,98;623;3327;0;0
2080;2991,32;676,56;11448,52;335,3;13559;2028;9729,55;3397,78;13127,33;2991,32;250;2428;0;0
2081;1049,71;649,85;656,79;316;2244;552,28;14551,5;2633,95;17185,45;1049,71;0;0;0;0
2082;6319,86;1250,25;977,3;924;6067;937,42;4484,46;5458,63;9943,09;6319,86;205;0;0;0
2083;3625,89;4320,84;9401,03;3256,98;15229;4439,42;21537,72;8236,5;29774,22;3625,89;519;2101;0;0
2084;63,61;128,16;461,17;0;552;10,49;0;0;0;63,61;0;0;0;0
2085;2969,05;1116,63;4694;1040,45;6074;773,72;5810,85;21761,62;27572,47;2969,05;225;0;0;0
2086;5099,97;236,31;763,14;398,15;5780;1234,26;4221,61;7778,63;12000,24;5099,97;152;0;0;0
2087;1505,48;112,05;868,12;69,78;2487;541,89;0;8013,5;8013,5;1505,48;0;527;0;0
2088;186,3;1277,96;609,24;984,75;2505;47,6;3808,88;5858,55;9667,43;186,3;0;0;0;0
2089;1187,93;1669,06;1555,31;259,5;1092;508,9;150;0;150;1187,93;25;1258;0;0
2090;331,78;112,05;654,16;708;3738;262,18;9945,53;1415,41;11360,94;331,78;0;0;0;0
2091;915,8;1266,55;854,91;487,75;4309;297,96;394,59;4722,21;5116,8;915,8;311;0;0;0
2093;3155,6;3,12;0;30;497;9,44;150;7144,2;7294,2;3155,6;0;0;0;0
2094;3333,53;373,65;244,64;1346,35;4813;149,2;2862,06;8098,7;10960,76;3333,53;231;0;0;0
2095;210,37;165,81;825,43;195;2024;468,58;2109,55;1245,7;3355,25;210,37;0;0;0;0
2096;47,1;224,63;227,76;0;293;270,13;0;0;0;47,1;0;0;0;0
2097;241,88;0;1154,76;205;883;156,78;0;751,23;751,23;241,88;0;0;0;0
2098;112,59;0;166,48;0;859;333,86;0;0;0;112,59;0;0;0;0
2099;912,19;1002,6;90,97;501,75;2216;364,28;0;0;0;912,19;110;0;0;0
2100;6238,78;1671,18;4698,41;1631,38;13779;5146,54;12579,16;7076,73;19655,89;6238,78;474;1199;0;0
2101;6709,1;9485,76;14756,9;3331,38;18496;2770,37;21223,14;28584,16;49807,3;6709,1;617;1929;0;0
2102;530,85;448,5;9423,73;274,4;4506;1451,13;2299,33;501,6;2800,93;530,85;325;0;0;60
2103;959,42;600,36;505,62;490;422;8,02;5881,15;10816,36;16697,51;959,42;0;0;0;0
2104;1144,49;3,36;463,35;0;156;142,96;0;933,55;933,55;1144,49;0;0;0;0
2105;1273,06;425,04;3162,07;0;41;459,5;0;265,6;265,6;1273,06;0;0;0;110
2106;691,56;656,79;3052,37;103,35;6416;682,92;2133,6;1081,48;3215,08;691,56;434;517;0;110
2107;5296,8;3669,99;982,6;4708,01;5826;1401,63;15785,9;18334,29;34120,19;5296,8;0;723;0;390
2108;2753,59;686,84;1609,93;87,1;8089;483,37;2158,58;610,57;2769,15;2753,59;0;48;1305;0
2109;1458,13;1567,59;2661,19;515,7;7684;869,5;6030,96;920,34;6951,3;1458,13;368;1044;0;820
2110;65,26;219,83;0;0;1448,72;7,73;0;4307,85;4307,85;65,26;0;0;0;80
2111;375,19;189,63;581,08;120;1326;25,19;150;395,2;545,2;375,19;0;0;0;0
2112;667,45;1002,6;1114,29;696,75;2731;2582,36;138;113,51;251,51;667,45;103;0;0;0
2113;150,72;853,94;17,41;129,75;379;76,84;0;0;0;150,72;0;0;0;0
2114;6878,76;5768,94;16391,79;3139,88;20752,38;4039,28;23163,77;8020,07;31183,84;6878,76;666;1664;0;0
2115;15622,85;7962,67;22452,77;4096,74;19205,36;5451,82;41009,53;40698,64;81708,17;15622,85;841;4931;0;0
2116;87,65;0;0;0;207;3,93;0;0;0;87,65;0;0;0;0
2117;119,57;965,98;0;324,75;982;158,66;0;388,82;388,82;119,57;0;0;0;0
2118;148,79;0;0;0;639;12,14;0;0;0;148,79;0;0;0;0
2119;291,47;288,01;337,35;372;995;186,72;0;375,62;375,62;291,47;0;0;0;0
2120;67,36;470,64;5,6;0;590;11,21;0;0;0;67,36;0;0;0;0
2121;1122,97;89,1;1733,94;896,85;7570;910,81;3753,47;724,42;4477,89;1122,97;0;658;0;0
2122;951,02;450,15;2475,63;600,3;3275;980,45;6931,2;2470,5;9401,7;951,02;0;612;0;0
2123;53,45;0;0;0;128;2,43;0;0;0;53,45;0;0;0;0
2124;0;0;0;10;0;0;0;0;0;1;0;0;0;0
2125;125,07;0;0;0;367;6,97;0;0;0;125,07;0;0;0;0
2126;279,48;179,76;7339,18;0;653;442,97;244,59;0;244,59;279,48;0;0;0;0
2127;85,52;0;191,48;0;235;9,16;0;0;0;85,52;0;0;0;0
2128;21,38;0;0;0;51;0,97;0;0;0;21,38;0;0;0;0
2129;1853,19;1139,63;1379,58;1218,93;6219;1039,78;6889,2;7205,46;14094,66;1853,19;264;0;0;0
2130;402,06;408,87;560,15;10;1638;806,88;632,33;1848,58;2480,91;402,06;90;0;0;0
2131;17,1;0;0;0;298;5,66;0;0;0;17,1;0;0;0;0
2132;153,93;75,43;4,3;0;404;164,86;0;0;0;153,93;0;0;0;0
2133;135,78;0;63,78;0;415;46,98;0;0;0;135,78;0;0;0;0
2134;62,05;0;0;0;563;10,7;0;392,41;392,41;62,05;0;0;0;0
2135;156,03;196,63;532,45;30,2;893;591,19;0;646,76;646,76;156,03;0;0;0;0
2136;370,2;0;769,36;0;489;9,29;0;996,21;996,21;370,2;0;0;0;0
2137;794,86;512,06;36924,63;316,35;2935;1147,47;150;0;150;794,86;96;0;0;0
2138;158,97;112,05;157,3;0;1924;307,88;0;0;0;158,97;86;0;0;0
2139;60,64;174,92;6,21;0;675;12,82;0;0;0;60,64;0;0;0;0
2140;231,96;0;73,2;21;584;11,1;0;0;0;231,96;0;0;0;0
2141;44,33;0;72,86;0;488;283,49;0;392,41;392,41;44,33;0;0;0;0
2142;190,27;0;332,93;0;456;245,58;0;375,62;375,62;190,27;0;0;0;0
2143;482,48;71,4;1708,56;306,9;1815;539,62;150;2991,15;3141,15;482,48;0;0;0;0
2144;136,83;0;122,1;0;333;6,33;857,62;0;857,62;136,83;0;0;0;0
2145;128,94;174,92;1001,14;0;702;264,28;0;924,83;924,83;128,94;0;0;0;0
2146;135,76;0;58,26;0;315;239;0;0;0;135,76;0;0;0;0
2147;111,11;131,27;1148,5;11,4;681;273,2;244,59;0;244,59;111,11;0;0;0;0
2148;2289,03;926,04;1648,02;841,7;6433,58;1788,4;2902,88;8423,24;11326,12;2289,03;266;424;0;0
2149;345,58;274,32;1381,63;828;5916;734,37;7085,33;1568,24;8653,57;345,58;273;0;0;0
2150;7432,78;3037,5;2737,27;4017,53;9733;2483,47;24952,95;36964,1;61917,05;7432,78;276;1259;0;0
2151;1242,03;969,68;11053,03;398;6061;2106,72;1999,33;7053,3;9052,63;1242,03;0;782;0;0
2152;229,33;0;872,15;0;1272;518,23;0;642,6;642,6;229,33;120;304;0;0
2153;109,98;112,05;49,8;0;401;7,62;0;0;0;109,98;0;0;0;0
2154;152,86;0;377,72;0;371;579,13;0;996,21;996,21;152,86;0;0;0;0
2155;512,97;286,97;402,51;744;2329;298,97;2093,93;996,21;3090,14;512,97;0;0;0;0
2156;14289,16;5287,69;28035,2;2913,48;21813;6382,05;30111,8;34869,77;64981,57;14289,16;886;3040;0;0
2157;192,51;992,32;340,38;71;837;493,4;0;800,84;800,84;192,51;0;0;0;0
2158;452,58;385,66;156,9;10;1162;301,3;150;1589,26;1739,26;452,58;0;0;0;0
2159;822,18;961,56;2152,26;828,15;3938;1915,94;4852,2;5631,57;10483,77;822,18;0;618;0;0
2160;206,31;112,05;0;0;567;10,77;0;0;0;206,31;0;0;0;0
2161;303,28;307,4;883,76;42;1690;528,65;632,33;3143,26;3775,59;303,28;0;0;0;0
2162;41,16;0;1807,1;0;410;7,79;0;0;0;41,16;0;0;0;0
2163;146,42;0;0;0;430;8,17;0;0;0;146,42;0;0;0;0
2164;3,66;112,05;4;0;587;11,15;0;0;0;3,66;0;0;0;0
2165;724,78;712,63;1731,57;533,9;1754;1100,73;4378,59;1600,4;5978,99;724,78;0;641;0;0
2166;538,27;437,83;1860,04;939;2621;923,55;9311,88;1243,28;10555,16;538,27;129;0;0;0
2167;18,52;2,4;146,4;0,4;244;71,44;0;0;0;18,52;0;0;0;0
2168;55,57;286,97;1498,06;0;438;212,76;0;0;0;55,57;0;0;0;0
2169;732,41;725,49;1945,93;947,8;2396;1372,55;9817,4;1062,12;10879,52;732,41;0;826;0;0
2170;124,03;0;909,18;0;976;313,58;1699,33;0;1699,33;124,03;0;0;0;0
2171;165,81;0;92,69;10;567;10,77;244,59;0;244,59;165,81;0;0;0;0
2172;91,79;50,22;289,03;0;798;39,91;0;0;0;91,79;99;0;0;0
2173;50,63;0;0;0;711;13,51;0;0;0;50,63;0;0;0;0
2174;11,88;0;59,03;10;112;155,85;0;0;0;11,88;0;0;0;0
2176;218,07;0;338,63;0;62;1,18;0;0;0;218,07;0;0;0;0
2177;952,17;1017,67;5072,43;242,75;4939;1133,03;0;5954,14;5954,14;952,17;153;0;0;0
2178;5316,8;135,3;2184,15;22,55;343;1508,52;0;2631,9;2631,9;5316,8;0;0;0;0
2179;592,68;708,67;724,61;1081,48;4727;1668,85;5833,65;12827,78;18661,43;592,68;108;0;0;0
2180;619,66;0;393,79;514;2689;51,09;2672,4;1585,53;4257,93;619,66;0;0;0;10
2181;152,22;224,1;145,62;0;0;0;0;0;0;152,22;0;0;0;30
2182;1118,42;1537,89;612,94;68,2;3169;560,88;3074,4;3416,36;6490,76;1118,42;199;0;0;10
2183;200,8;432,75;2820,97;140;1892;2568,75;562,73;1423,94;1986,67;200,8;184;462;0;10
2184;1195,07;4523,8;5616,25;1600,35;4078;1325,74;1807,2;798,29;2605,49;1195,07;0;943;0;0
2186;3828,1;0;0;472;19;0,36;10828,8;2217,44;13046,24;3828,1;0;0;0;0
2187;471,77;1492,81;2961,61;73;5544;364,69;4288,86;1192,38;5481,24;471,77;329;0;0;0
2188;0;0;122,1;0;101;1,92;0;375,62;375,62;1;0;0;0;0
2189;750,29;112,05;686,26;216;2553;988,91;222,75;2252,81;2475,56;750,29;0;324;0;0
2190;119,83;224,1;2199,17;709;4546;937,85;4189,33;2633,04;6822,37;119,83;190;1129;0;0
2191;380;0;492,72;0;1232;111,85;0;0;0;380;0;0;0;0
2192;388,64;224,1;540,05;0;2232;97,89;0;354,33;354,33;388,64;158;0;0;0
2193;7776,03;84,3;0;0;117;2,22;0;5291,18;5291,18;7776,03;0;0;0;0
2194;982,39;630,55;411,99;67,8;3962;239,64;2938,5;1260,34;4198,84;982,39;0;0;0;0
2195;0;0;985,39;0;29;0,55;0;0;0;1;0;0;0;0
2196;844,21;1277,18;4021,58;719,25;3746;700,59;300;871,61;1171,61;844,21;34;2975;0;0
2197;188,92;165,45;6005,74;18,9;5607;1058,71;0;0;0;188,92;160;0;0;0
2198;1580,47;1454,2;1570,63;1289,78;1861,22;34,85;2656,65;1449,48;4106,13;1580,47;0;0;0;0
2199;2261,67;1718,75;11366,35;940,3;5586;772,26;4521,61;101,53;4623,14;2261,67;369;0;0;0
2200;405,91;112,05;1145,05;0;45;227,26;0;0;0;405,91;0;0;0;0
2201;266,65;424,2;505,86;715;2410;332,4;8539,2;4104;12643,2;266,65;0;0;0;0
2202;7557,96;45;0;7,5;361;6,86;1758;16485,05;18243,05;7557,96;0;0;0;0
2203;1772,63;93,84;729,86;0;6;0,11;0;0;0;1772,63;0;0;0;0
2204;116,59;0;0;0;54;1,03;0;0;0;116,59;0;0;0;10
2205;862,56;307,62;566,6;372;2837;106,4;2211;3683,41;5894,41;862,56;210;0;0;10
2206;270,97;0;0;567;4;0,08;300;12978,4;13278,4;270,97;0;0;0;0
2207;2626,55;50,22;64,3;671;3413;64,85;7263,58;2523,2;9786,78;2626,55;0;0;0;0
2208;21,59;75;0;21;483;124,18;0;400;400;21,59;0;0;0;0
2209;57,22;0;294,2;0;1;0,02;0;33222,6;33222,6;57,22;0;0;0;0
2210;365,97;385,67;1474,63;933,25;3438;522,01;8331,43;0;8331,43;365,97;205;0;0;0
2211;1880,58;0;0;0;20;0,38;0;0;0;1880,58;0;0;0;0
2212;485,8;597,12;1028,86;0;1128;992,13;244,59;4141,35;4385,94;485,8;0;0;0;0
2213;25,91;539,01;35463,18;0;0;0;0;425,23;425,23;25,91;0;0;0;0
2214;1167;641,37;3165,29;233,8;4258;452,36;394,59;3901,3;4295,89;1167;194;1464;0;30
2215;833,42;514,09;2212,99;1621,2;726;128,79;5606,45;10660,55;16267;833,42;0;0;0;0
2216;157,61;778,5;0;129,75;848;156,11;0;0;0;157,61;0;0;0;0
2217;6,48;0;546,72;0;7;137,61;0;0;0;6,48;0;0;0;0
2218;387,4;45;165,54;7,5;1165;563,1;0;0;0;387,4;0;0;0;0
2219;100,46;230,07;1037,48;42,3;1362;1302,94;150;304,2;454,2;100,46;0;0;0;0
2220;98,01;112,05;137,07;0;877;222,26;0;0;0;98,01;0;0;0;0
2221;290,97;344,4;1604,9;20,05;1628;147,67;0;0;0;290,97;112;0;0;0
2222;1293,44;484,12;2715,68;122,8;8885,36;1227;327,6;724,42;1052,02;1293,44;102;46;0;0
2223;191,46;124,5;1126,97;20,75;1267;174,67;0;0;0;191,46;88;79;0;0
2224;235,4;224,1;773,73;195;891;457,83;150;388,82;538,82;235,4;0;0;0;0
2225;119,72;0;0;0;262;4,98;0;0;0;119,72;0;0;0;0
2226;117,42;112,05;80,99;0;478;333,04;0;0;0;117,42;0;0;0;0
2227;400,22;1352,37;923,39;463,13;1874;880,22;300;724,42;1024,42;400,22;139;0;0;0
2228;102,62;0;1561,11;0;265;5,04;0;0;0;102,62;0;0;0;0
2229;281,36;327,6;1085,02;601,45;2186;676,97;244,59;3200;3444,59;281,36;138;0;0;0
2230;258,08;171,73;2709,38;16,05;1982;668,15;150;0;150;258,08;181;0;0;0
2231;154,72;112,05;791,7;0;1108;436,25;2871,6;0;2871,6;154,72;182;0;0;0
2232;96,21;0;0;0;238;4,52;0;0;0;96,21;0;0;0;0
2233;51,31;0;3938,36;0;415;7,88;0;0;0;51,31;0;0;0;0
2234;186;0;61,96;0;262;112,84;0;0;0;186;0;0;0;0
2235;71,55;0;326,14;195;983;212,82;0;0;0;71,55;0;0;0;0
2236;303,7;112,05;0;195;851;16,17;150;578,7;728,7;303,7;0;0;0;0
2237;1119,39;376,5;4512,22;792,18;4737,45;1779,83;1999,33;1394,34;3393,67;1119,39;0;0;0;0
2238;71,62;0;0;0;155;2,94;0;0;0;71,62;0;0;0;0
2239;70,06;50,22;620,62;372;682;2366,2;0;1096;1096;70,06;0;0;0;0
2240;211,7;386,22;972,28;207,9;1082;638,68;1699,33;0;1699,33;211,7;0;0;0;0
2241;1650,09;3130,08;2773,87;753,5;5252;1401,5;10054,02;2665,28;12719,3;1650,09;229;793;0;0
2242;89,79;0;0;0;205;3,9;0;0;0;89,79;0;0;0;0
2243;46,32;296,83;167,22;0;498;665,68;0;0;0;46,32;0;0;0;0
2244;5205,97;1513,7;4836,99;1542,48;9596;2073,43;12189,79;1827,55;14017,34;5205,97;339;357;0;0
2245;56,02;0;170,29;0;476;316,82;1699,33;0;1699,33;56,02;0;0;0;0
2246;185,1;50,22;202,08;205;1353;682,01;932,33;1916;2848,33;185,1;0;0;0;0
2247;301,45;630,47;909,08;205;1038;983,96;244,59;0;244,59;301,45;0;0;0;0
2248;127,18;75,43;174,83;10;1031;718,93;0;0;0;127,18;0;0;0;0
2249;56,15;203,04;1801,09;195;824;547,62;0;0;0;56,15;0;0;0;0
2250;104,49;0;176,54;372;439;288,92;0;0;0;104,49;0;0;0;0
2251;255,68;0;494,6;0;1715;453,92;150;375,62;525,62;255,68;0;0;0;0
2252;71,61;112,05;122,1;0;388;7,37;0;0;0;71,61;0;0;0;0
2253;313,04;0;253,51;0;973;684,13;150;375,62;525,62;313,04;0;0;0;0
2254;22,65;0;0;0;140;2,66;0;0;0;22,65;0;0;0;0
2255;12,35;0;13,11;0;57;6,32;0;0;0;12,35;0;0;0;0
2256;40,15;101,76;0;0;191;3,63;0;0;0;40,15;0;0;0;0
2257;28,74;0;0;0;231;4,39;0;0;0;28,74;0;0;0;0
2258;18,53;0;0;0;141;2,68;0;0;0;18,53;0;0;0;0
2259;72,44;136,8;53;22,8;554;222,51;0;0;0;72,44;0;0;0;0
2260;203,83;199,5;174,44;12,25;842;125,52;332,25;531,9;864,15;203,83;0;0;0;0
2261;0;0;0;0;101;1,92;0;0;0;1;0;0;0;0
2262;65,89;0;0;0;149;2,83;0;0;0;65,89;0;0;0;0
2263;28,1;0;0;0;242;4,6;0;0;0;28,1;0;0;0;0
2264;196,36;214,8;91,9;0;648;12,31;2033,88;1466,85;3500,73;196,36;0;0;0;0
2265;15,44;0;0;0;143;2,72;0;0;0;15,44;0;0;0;0
2266;33,97;0;0;0;137;2,6;0;0;0;33,97;0;0;0;0
2267;138,17;570,96;1046,19;24,4;717;232,48;0;250,2;250,2;138,17;0;0;0;0
2268;64,77;256,68;425,8;18,1;343;475,02;0;0;0;64,77;0;0;0;0
2269;274,41;51,3;29,43;8,55;1202;140,54;0;0;0;274,41;0;0;0;0
2270;793,27;549,72;3099,95;302,28;974;494,67;466,8;303,2;770;793,27;0;0;0;0
2271;410,77;70,2;1026,89;981,7;2037;385,57;2395,2;0;2395,2;410,77;217;0;0;0
2272;555,18;0;0;0;42;0,8;0;0;0;555,18;0;0;0;0
2273;16,47;0;0;0;62;1,18;0;0;0;16,47;0;0;0;0
2274;1323,8;130,77;330,9;0;1043;159,82;0;470,7;470,7;1323,8;0;0;0;0
2275;84,44;0;0;0;281;5,34;0;853,2;853,2;84,44;0;0;0;0
2276;21,95;0;4,96;0;233;24,25;0;0;0;21,95;0;0;0;0
2277;32,2;75,43;7,52;0;281;175,4;0;392,41;392,41;32,2;0;0;0;0
2278;32,94;112,05;0;0;164;3,12;0;0;0;32,94;0;0;0;0
2279;247,05;156,24;492,36;0;893;131,97;0;237,6;237,6;247,05;0;0;0;0
2280;15,45;115,2;30,36;0;402;129,08;0;338,85;338,85;15,45;0;0;0;0
2281;5534,84;4832,05;17258,11;1972,43;11069;4099,75;15330,29;23759,02;39089,31;5534,84;362;1394;0;0
2282;143,34;0;0;0;321;146,1;150;0;150;143,34;0;0;0;0
2283;88,79;0;0;372;448;8,51;0;0;0;88,79;0;0;0;0
2284;91,23;0;0;0;146;2,77;0;0;0;91,23;0;0;0;0
2285;463,42;2409,96;1481,29;471,3;1508;918,45;150;4601,8;4751,8;463,42;154;0;0;0
2286;68,3;0;166,2;0;735;249,94;0;0;0;68,3;0;0;0;0
2287;82,93;295,95;244,62;30,65;587;173,89;150;0;150;82,93;0;0;0;0
2288;160,44;121,32;237,98;142,1;1128;542,44;152,25;0;152,25;160,44;169;0;0;0
2289;11,32;0;4,39;0;78;19,04;0;0;0;11,32;0;0;0;0
2290;33,01;62,87;33,1;0;197;3,74;0;0;0;33,01;0;0;0;0
2291;579,83;233,55;1100,01;420,25;1950;367,85;643,2;2878,09;3521,29;579,83;98;0;0;0
2292;140,98;124,68;228,51;15,1;872;16,57;0;1075,36;1075,36;140,98;0;0;0;0
2293;2237,52;1270,22;4170,84;1066,95;6145;1310,18;8153,1;13375,16;21528,26;2237,52;302;419;0;0
2294;88,02;62,87;80,01;0;402;7,64;150;1193,12;1343,12;88,02;0;0;0;0
2295;2643,15;665,01;2492,83;1052,75;5709;1471,77;6109;19975,67;26084,67;2643,15;190;462;0;0
2296;12,35;124,8;221,25;0;271;33,75;0;244;244;12,35;0;0;0;0
2297;26264,07;8547,6;41364,31;8811,25;32329;9519,72;58459,55;93443,74;151903,29;26264,07;1257;7682;0;0
2298;158,55;122,61;162,61;0;442;183,4;0;0;0;158,55;0;0;0;0
2299;15,44;0;0;0;75;1,42;0;0;0;15,44;0;0;0;0
2300;2361,61;1898,71;9263,54;1514,18;8142;1918,59;10785,32;22982,21;33767,53;2361,61;309;691;0;0
2301;512,41;304,62;733,7;217,6;2172;775,81;912;0;912;512,41;92;0;0;0
2302;29,64;112,05;442,5;0;560;341,84;0;0;0;29,64;0;0;0;0
2303;5,15;0;0;0;33;0,63;0;0;0;5,15;0;0;0;0
2304;46,33;0;0;0;227;4,31;0;2116,8;2116,8;46,33;0;0;0;0
2305;714,4;664,53;3228,21;499;2362;778,36;4369,33;701,05;5070,38;714,4;0;210;0;0
2306;503,75;293,1;2075,63;939,05;2348;598,61;2320,8;258,4;2579,2;503,75;98;0;0;0
2307;10,73;0;215;0;563;10,7;0;67,4;67,4;10,73;0;0;0;0
2308;35;0;0;0;180;3,42;0;0;0;35;0;0;0;0
2309;14,41;221,82;174,02;13,85;92;1,75;0;0;0;14,41;0;0;0;0
2310;25,74;0;31,38;0;113;2,15;0;0;0;25,74;0;0;0;0
2311;845,07;207,12;2536,52;536,4;2662;801,31;1832,4;97,6;1930;845,07;83;0;0;0
2312;17,5;0;0;0;110;2,09;0;361,8;361,8;17,5;0;0;0;0
2313;45,3;0;0;0;268;5,09;0;0;0;45,3;0;0;0;0
2314;52,28;60;2,84;0;139;14,02;0;0;0;52,28;0;0;0;0
2315;45,71;0;16,66;0;741;80,72;0;0;0;45,71;0;0;0;0
2316;51,5;0;0;0;396;7,52;0;0;0;51,5;0;0;0;0
2317;78,24;37,8;645,15;6,3;421;198,16;0;0;0;78,24;0;0;0;0
2318;26,77;130,56;0;0;109;2,07;0;0;0;26,77;0;0;0;0
2319;14,41;0;0;0;81;1,54;0;0;0;14,41;0;0;0;0
2320;48,25;0;30,16;0;292;126,21;0;268,65;268,65;48,25;0;0;0;0
2321;201,5;289,38;2372,1;206,15;1882;503,56;300;665,51;965,51;201,5;102;0;0;0
2322;38,52;353,88;150,52;13,5;711;13,51;0;88;88;38,52;0;0;0;0
2323;214,11;197,58;514,91;263,05;839;235,3;300;484,8;784,8;214,11;0;0;0;0
2324;22,65;0;0;0;125;2,38;0;0;0;22,65;0;0;0;0
2325;57,67;0;147,1;10;861;16,36;0;95,2;95,2;57,67;0;0;0;0
2326;19,56;0;45,3;0;255;4,84;0;0;0;19,56;0;0;0;0
2327;94,27;415,95;104,54;214,45;1544;420,45;0;280,8;280,8;94,27;87;0;0;0
2328;16,59;112,05;3,94;0;170;18,97;0;0;0;16,59;0;0;0;0
2329;21,62;0;0;0;117;2,22;0;0;0;21,62;0;0;0;0
2330;86,62;34,8;1114,23;5,8;1090;516,15;150;0;150;86,62;0;0;0;0
2331;78,21;765,07;656,92;0;738;720,39;0;1207,45;1207,45;78,21;0;0;0;0
2332;51,47;0;252,67;0;258;131,58;0;0;0;51,47;0;0;0;0
2333;52,5;0;0;0;269;5,11;0;0;0;52,5;0;0;0;0
2334;46,83;112,05;0;0;395;7,5;0;0;0;46,83;0;0;0;0
2335;16,47;0;0;0;580;11,02;0;0;0;16,47;0;0;0;0
2336;114,84;0;182,8;0;435;8,26;0;0;0;114,84;0;0;0;0
2337;18,53;0;0;0;91;1,73;0;0;0;18,53;0;0;0;0
2338;63,4;75,43;398,66;0;732;194,45;0;0;0;63,4;0;0;0;0
2339;120,76;0;739,78;0;573;161,31;0;3261,6;3261,6;120,76;74;0;0;0
2340;23,95;112,05;0;0;365;6,94;0;0;0;23,95;0;0;0;0
2341;105,09;150,3;627,78;25,05;820;258,28;0;0;0;105,09;138;0;0;0
2342;282,94;0;41,7;0;471;8,95;0;479,63;479,63;282,94;0;0;0;0
2343;1479,47;767,55;3721,11;1153,7;2521;418,36;6249,3;4762,78;11012,08;1479,47;0;455;0;0
2344;61,44;0;0;0;66;1,25;0;0;0;61,44;0;0;0;0
2345;9,27;0;4,76;0;241;23,62;0;0;0;9,27;0;0;0;0
2346;22,65;0;9,26;0;151;39,89;0;0;0;22,65;0;0;0;0
2347;115,45;0;95,7;0;747;14,19;150;104;254;115,45;0;0;0;0
2348;26,77;0;0;0;118;2,24;0;0;0;26,77;0;0;0;0
2349;16,47;0;382,8;0;107;2,03;0;0;0;16,47;0;0;0;0
2350;207,54;129,6;653;41,6;744;154,14;0;0;0;207,54;0;0;0;0
2351;191,79;0;915,64;0;1198;3493,72;0;0;0;191,79;0;0;0;0
2352;21,62;0;0;0;133;2,53;0;0;0;21,62;0;0;0;0
2353;559,36;340,89;3568,51;964,45;1918;702,21;3736,59;1440,91;5177,5;559,36;171;0;0;0
2354;54,56;0;0;0;301;5,72;0;0;0;54,56;0;0;0;0
2355;83,39;0;47,3;0;403;7,66;0;0;0;83,39;0;0;0;0
2356;293,22;323,82;713,95;63,3;1305;470,44;382,8;345,9;728,7;293,22;0;0;0;0
2357;3,09;0;0;0;11;0,21;0;0;0;3,09;0;0;0;0
2358;29,85;174,92;0;0;178;3,38;0;0;0;29,85;0;0;0;0
2359;1439,76;1111,91;4156,11;1551,2;4308;1814,11;6905,8;9256,93;16162,73;1439,76;206;413;0;0
2360;57,65;0;144,75;0;325;6,18;0;0;0;57,65;0;0;0;0
2361;17,29;146,16;0;0;166;3,15;0;600,64;600,64;17,29;0;0;0;0
2362;335,79;940,77;1324,08;912,75;2363;1189,54;1699,33;18510,3;20209,63;335,79;138;0;0;0
2363;55,59;0;0;0;382;7,26;0;0;0;55,59;0;0;0;0
2364;500,8;828,71;1283,08;40;1674;395,87;0;472,8;472,8;500,8;0;0;0;0
2365;84,54;112,05;0;0;443;8,42;0;0;0;84,54;0;0;0;0
2366;10221,45;275,35;67,02;567;475;235,73;6896,51;17040,14;23936,65;10221,45;0;0;0;0
2367;748,14;368,25;4052,58;52,7;4583;1378,74;5584,33;1825,61;7409,94;748,14;0;0;0;0
2368;7173,59;4854,68;14040,26;4845,75;12584;3702,26;23169,66;25541,35;48711,01;7173,59;370;2980;0;0
2369;1005,87;1506,96;15710,48;246,2;6912;2641,96;544,59;2169,97;2714,56;1005,87;405;1223;0;370
2370;4621,36;698,04;3997,88;643,3;6888;1806,63;2320,5;18352,34;20672,84;4621,36;256;0;0;0
2371;598,93;115,51;1853,22;10;2030;1017,33;515,7;0;515,7;598,93;220;0;0;10
2372;54,73;0;233;0;852;459,81;0;0;0;54,73;0;0;0;0
2373;34,4;112,05;35,5;0;836;130,88;0;0;0;34,4;0;0;0;0
2374;5201,62;1770,03;2490,54;792,15;6244;1557,12;17190,63;14137,43;31328,06;5201,62;0;1771;0;0
2375;12532,95;7002,28;29516,65;4294,85;18571,94;3650,8;17435,94;12879,75;30315,69;12532,95;886;2516;0;0
2376;209,64;1462,94;1048,15;816,15;7246,82;659,06;1849,33;310,89;2160,22;209,64;173;0;0;0
2377;7500,03;3857,65;15820,64;2336,68;16109;6181,49;23680,15;42530,07;66210,22;7500,03;1082;3772;0;0
2378;78,75;0;437,88;0;861;70,3;0;0;0;78,75;0;0;0;0
2379;970,19;236,68;2522,66;203,2;3970;2270,18;394,59;3696,5;4091,09;970,19;155;0;0;0
2380;7302,79;1824,75;4941,63;2738,85;8720;1260,94;8220,27;20097,16;28317,43;7302,79;276;747;0;0
2381;1952,92;279,95;185,78;9,9;984;18,7;150;17038,3;17188,3;1952,92;0;0;0;0
2382;410,39;507,6;1402,51;101,05;2191;1070,25;2020,5;2045,31;4065,81;410,39;0;0;0;0
2383;321,43;274,32;732,79;762;2709;841,07;6087,36;2132,08;8219,44;321,43;0;0;0;0
2384;5269,34;45;7154,49;21;3336;913,5;2121;3910,54;6031,54;5269,34;320;755;0;10
2385;4226,66;3398,04;23551,87;2520,33;15107;3586,59;13275,8;14879,29;28155,09;4226,66;332;1291;0;0
2386;104,04;853,94;1388,69;129,75;802;322,58;0;182,93;182,93;104,04;0;0;0;0
2387;178,92;0;759,36;50;702;13,34;0;0;0;178,92;0;0;0;0
2388;124,11;274,98;259,38;372;1502;593,49;1699,33;188,8;1888,13;124,11;97;0;0;0
2389;274,03;340,11;1233,45;30;1767;1046,21;150;0;150;274,03;0;0;0;0
2390;1744,25;612,62;3306,02;604;3815,09;1341,18;6745,39;328,09;7073,48;1744,25;214;0;0;0
2391;118,34;506,7;1117,34;228,88;3475;1274,27;0;1278,37;1278,37;118,34;208;1229;0;0
2392;1209,04;462,44;11882,4;1206,55;2206,51;295,18;1954,73;1392,45;3347,18;1209,04;0;0;0;0
2393;126,06;181,65;564,31;11,6;1694;715,56;0;887,23;887,23;126,06;73;0;0;0
2394;241,74;112,05;144,18;0;504;41,44;244,59;0;244,59;241,74;0;0;0;0
2395;126,23;54;518,64;0;1295;385,18;150;1953,91;2103,91;126,23;0;0;0;0
2396;11,83;0;267,63;0;456;28,46;0;0;0;11,83;0;0;0;0
2397;117,68;174,92;122,1;0;544;150,34;150;960,01;1110,01;117,68;0;0;0;0
2398;2,15;193,65;0;0;53;1,01;0;0;0;2,15;0;0;0;0
2399;999,82;407,71;9575,89;382;3594;1026,92;150;2938,6;3088,6;999,82;133;0;0;0
2400;76,55;373,89;8950,25;0;753;590,31;489,18;0;489,18;76,55;0;0;0;10
2401;100,94;0;3421,12;0;974;147,79;0;159,2;159,2;100,94;0;0;0;0
2402;35,34;103,5;672,28;17,25;762;191,18;0;0;0;35,34;0;0;0;0
2403;34,43;0;122,1;0;329;6,25;0;0;0;34,43;0;0;0;0
2404;1436,32;2642,94;2626,57;1012,75;3442;1021,09;1527,6;598,82;2126,42;1436,32;169;0;0;0
2405;51,07;0;251,89;0;908;314,01;0;0;0;51,07;0;0;0;0
2406;34,38;0;146,13;0;693;109,31;0;1371,82;1371,82;34,38;0;0;0;0
2407;114,34;0;123,66;0;321;12,36;0;261;261;114,34;0;0;0;0
2408;90,6;0;122,1;0;485;9,22;0;0;0;90,6;0;0;0;0
2409;195,85;560,24;672,21;264,78;1501;786,38;75;225;300;195,85;0;0;0;0
2410;4723,68;762,22;3825,19;1881,53;7348;1838,69;14575,35;20192,75;34768,1;4723,68;274;0;0;0
2411;120,1;0;292,47;0;1220;503,06;0;148;148;120,1;0;0;0;0
2412;29,43;0;122,1;0;228;4,33;0;0;0;29,43;0;0;0;0
2413;70,95;0;190,21;0;700;358,8;1699,33;0;1699,33;70,95;0;0;0;0
2414;5368,17;5422,91;11646,92;2880,88;16284,35;3214,62;14681,03;6145,07;20826,1;5368,17;573;1856;0;0
2415;490,75;1584,56;7197,62;993,75;8777;2847,29;2135,8;6119,67;8255,47;490,75;293;0;0;0
2416;8641,26;406,8;4891,22;917,7;2803;1168,21;17874,2;11170,65;29044,85;8641,26;133;0;0;0
2417;3941,65;1748,26;5612,27;3656,23;9058;2999,9;18257,99;18330,84;36588,83;3941,65;508;934;162;0
2418;204,19;1557,01;305,3;259,5;1186;476,91;150;0;150;204,19;0;0;0;0
2419;121,62;342,95;231,07;0;1283;319,28;0;286,63;286,63;121,62;0;0;0;0
2420;2377,74;664,47;4763,14;81,2;2441;405,38;1999,33;16420,71;18420,04;2377,74;0;0;0;0
2421;1588,61;526,29;581,64;195;1788;480,87;1805,93;996,21;2802,14;1588,61;148;0;0;80
2422;1134,32;224,1;2194,5;10;2647;620,61;932,33;7114,39;8046,72;1134,32;0;0;0;0
2423;674,64;571,77;1685,15;931,15;3852;541,59;4621,88;1261,34;5883,22;674,64;194;0;0;820
2424;201,04;162,27;166,31;195;1248;340,55;150;777,64;927,64;201,04;0;0;0;0
2425;226,8;581,22;6762,16;50;1965;478,5;150;724,42;874,42;226,8;0;0;0;0
2426;4568,29;3607,49;4138,28;2661,43;8896;978,54;11279,23;8674,47;19953,7;4568,29;452;1662;0;0
2427;178,98;0;864,76;0;747;184,41;0;0;0;178,98;0;0;0;0
2428;1155,66;294,9;1357,81;11,8;1543;636,3;150;0;150;1155,66;0;0;0;0
2429;110,86;325,6;1314,99;45,65;1459;611,87;392,25;1100,04;1492,29;110,86;121;0;0;0
2430;170,71;187,48;730,96;0;1711;861,23;0;371,58;371,58;170,71;0;0;0;0
2431;225,85;0;0;195;1275;304,23;1026,92;0;1026,92;225,85;0;0;0;0
2432;847,44;409,25;3918,83;1465,4;4078;3372,76;9808,87;3570,42;13379,29;847,44;180;0;0;70
2433;363,33;416,91;598,56;62;2885;1409,58;1602;16141,05;17743,05;363,33;130;0;0;0
2434;18,42;0;0;0;1258;23,9;244,59;0;244,59;18,42;0;0;0;0
2435;448,28;306,87;1069,23;103,05;1604;801,6;450;1756,13;2206,13;448,28;0;0;0;10
2436;343,76;88,2;1142,91;581,7;2743;1250,88;244,59;0;244,59;343,76;206;0;0;0
2437;186,64;1770,76;238,2;276,45;1728;209,49;0;0;0;186,64;0;0;0;0
2438;41,29;0;136,6;0;561;208,68;0;392,41;392,41;41,29;0;0;0;0
2439;315,28;224,1;378,8;21;1679;205,48;0;3152,84;3152,84;315,28;0;0;0;0
2440;258,44;436,58;0;205;1963;177,3;150;242,55;392,55;258,44;0;0;0;0
2441;212,46;151,18;1051,75;0;1967;1678,39;0;757,93;757,93;212,46;0;0;0;0
2442;352,98;811,35;625,02;1011,85;2396;767,87;1699,33;2429,94;4129,27;352,98;132;0;0;0
2443;665,41;112,05;622,15;390;1957;553,13;0;0;0;665,41;219;0;0;0
2444;402,97;3424,89;4620,77;1250,24;5239;2765,17;4148,67;3247,67;7396,34;402,97;271;0;0;0
2445;2513,85;274,32;106,77;10;966;172,55;0;3914,1;3914,1;2513,85;0;192;0;0
2446;11332,41;11354,35;31484,3;7906,57;30922,45;9717,3;30806,02;114956,38;145762,4;11332,41;1297;5407;0;0
2447;867,34;2507,77;3571,51;1303,09;3240;2102,45;3698,67;8875,42;12574,09;867,34;164;0;0;0
2448;2224,73;0;0;0;22;0,42;0;15254,38;15254,38;2224,73;0;0;0;0
2449;272,84;138,3;875,58;81;1248;889,97;3793,26;392,41;4185,67;272,84;0;0;0;0
2450;523,17;838,04;6242,25;1203,85;4243;1333,09;6161,55;5800,31;11961,86;523,17;223;0;0;120
2451;331,05;112,05;585,22;81;776;44;0;2820,24;2820,24;331,05;0;0;0;0
2452;845,38;1905,41;3863,5;864,35;2615;3406,05;2393,93;2035,14;4429,07;845,38;130;0;0;0
2453;197,73;162,34;131,58;0;1216;382,4;150;0;150;197,73;0;0;0;0
2454;88,1;161,52;1202,42;66,4;1103;80,16;2331,66;375,62;2707,28;88,1;0;0;0;0
2455;540,64;94,2;757,39;631,7;1453;976,19;1849,33;0;1849,33;540,64;276;0;0;0
2456;353,64;224,1;348,56;0;983;260,62;0;0;0;353,64;0;0;0;0
2457;127,6;0;781,25;0;749;1045,27;0;0;0;127,6;0;0;0;0
2458;363,95;2416,5;929,74;926,1;2487;1477;3793,26;15199,18;18992,44;363,95;119;0;0;0
2459;1397,03;1436,47;11004,62;1312,35;4939;1044,88;6892,73;4637,81;11530,54;1397,03;172;353;0;0
2460;340,22;778,5;753,99;139,75;714;655,15;0;1696,81;1696,81;340,22;0;0;0;0
2461;131,06;0;125,24;0;848;178,99;0;645,75;645,75;131,06;0;0;0;0
2462;348,49;1956,02;3495,38;759,5;2238;5071,24;450;3598,59;4048,59;348,49;83;0;0;0
2463;36,55;0;0;0;15;0,28;0;0;0;36,55;0;0;0;0
2464;1831,07;2231,38;2098,95;2133,28;3806;1871,21;11466,42;27794,12;39260,54;1831,07;285;432;0;0
2465;3120,67;1599,8;7203,28;1665,85;7903;1316,82;6097,61;3546,76;9644,37;3120,67;332;366;0;0
2466;544,53;1002,6;5958,34;220,75;1417;521;1699,33;309,32;2008,65;544,53;0;443;0;0
2467;90,81;778,5;617,63;189,75;607;220,17;0;0;0;90,81;0;0;0;0
2468;1293,36;419,01;3087,62;1131,18;3933;1264,27;6246,53;5599,54;11846,07;1293,36;118;510;0;0
2469;651,45;277,5;1012,68;8,9;1519;191,24;0;1932,79;1932,79;651,45;0;0;0;0
2470;162,2;345,6;571,06;522,13;1902;615,88;300;392,41;692,41;162,2;118;0;0;0
2471;220,18;274,32;122,1;0;534;150,15;0;1515,66;1515,66;220,18;0;0;0;0
2472;242,32;0;0;0;596;11,32;0;0;0;242,32;0;0;0;0
2473;1010,04;550,22;2233,14;907,2;3506;2287,07;2158,8;1240,97;3399,77;1010,04;182;0;0;0
2474;201,54;0;0;195;535;10,16;0;0;0;201,54;0;0;0;10
2475;1121,88;2854,63;5197,48;512,05;5603;3423,81;2530,59;1406,56;3937,15;1121,88;251;0;0;20
2476;4122,87;0;0;21;537;10,2;150;1253,79;1403,79;4122,87;0;0;0;0
2477;306,39;1406,49;3657,35;1984,78;9825;2128,14;16572,06;8700,62;25272,68;306,39;346;1660;0;10
2478;109,98;0;1413,42;70;1724;5151,42;1699,33;1362,82;3062,15;109,98;66;0;0;0
2479;138,09;0;435,28;0;1061;20,16;0;0;0;138,09;0;0;0;0
2480;664,92;680,41;1190,8;613,45;2946;1195,84;150;122,67;272,67;664,92;149;0;0;0
2481;280,46;112,05;53,32;0;1546;242,65;1849,33;0;1849,33;280,46;0;0;0;0
2482;521,18;189,12;736,69;0;2193,3;967,74;0;392,41;392,41;521,18;85;0;0;10
2483;1480,58;728,81;2201,37;1699,93;3049;1003,59;5003,93;7627,88;12631,81;1480,58;150;299;0;0
2484;163,6;0;94,5;0;459;386,72;0;0;0;163,6;0;0;0;0
2485;459,25;1702,81;21727,46;215,2;2180;585,34;1699,33;349,69;2049,02;459,25;106;0;0;2410
2486;552,73;550,46;77,74;0;2033;265,41;0;59,2;59,2;552,73;0;0;0;0
2487;2282,35;1860,47;4543,37;1401,4;4844;1873,58;13374,74;19500,54;32875,28;2282,35;304;1249;0;0
2488;1160,09;222,75;602,58;600,05;2424;480,32;1584;634,83;2218,83;1160,09;0;0;0;10
2489;146,94;0;0;0;1055;20,04;0;191,2;191,2;146,94;0;0;0;0
2490;258,53;386,36;1127,12;1505,78;5230;795,74;8697,36;3594,26;12291,62;258,53;215;0;0;0
2491;1387,68;612,61;574,47;726;4245;533,84;3808,88;0;3808,88;1387,68;143;0;0;0
2492;487,24;224,1;163,8;50;2309;43,87;394,59;0;394,59;487,24;0;0;0;30
2493;626,45;359,34;225,98;0;2249;166,45;2183,88;609,61;2793,49;626,45;0;0;0;0
2494;272,9;212,48;1165,8;765;2000;38;150;93,4;243,4;272,9;0;0;0;0
2495;3236,09;437,64;2097,61;502,6;1586;2084,8;4596;3188,43;7784,43;3236,09;146;0;0;0
2496;5146,36;1369,51;3044,54;173,55;5704;1225,63;150;3640,76;3790,76;5146,36;209;0;0;0
2497;1328,02;2883,17;5085,96;1599,31;5497;1915,37;9293,52;10664,04;19957,56;1328,02;117;1811;0;0
2498;732,51;174,92;566,29;372;2277;1024,9;0;10887,26;10887,26;732,51;128;0;0;40
2499;2753,27;687,63;1912,99;1173,6;6360;559,98;9319,61;2204,17;11523,78;2753,27;172;1421;0;0
2500;1710,3;112,05;519,6;0;570;1019,99;0;0;0;1710,3;0;0;0;0
2501;876,83;407,25;210,96;11,85;1191;22,63;150;0;150;876,83;0;0;0;150
2502;2868,12;1285,37;1837,76;1405,93;6409;2395,05;8324,33;13230,24;21554,57;2868,12;230;327;0;0
2503;464,88;330;836,54;222,65;3556;1493,51;150;17341,81;17491,81;464,88;171;0;0;0
2504;573,17;541,38;1448,64;822,7;4573;1273,73;2149,33;7471,05;9620,38;573,17;130;0;0;0
2505;408,38;331,08;931,38;598,3;2129;632,97;150;2764,8;2914,8;408,38;0;0;0;0
2506;4865,88;5143,96;11717,19;2981,93;13832;7526,4;25829,75;46496,79;72326,54;4865,88;530;1538;0;0
2507;216,68;1789,52;899,53;341,4;999;150,44;544,59;587,37;1131,96;216,68;0;0;0;0
2508;215,39;54,6;314,3;9,1;987;220,41;0;0;0;215,39;0;0;0;0
2509;162,79;1164,87;1047,27;405,75;1197;1889,54;300;970,74;1270,74;162,79;0;0;0;0
2510;1091,68;583,79;1407,09;91;1440;769,74;2188,52;1552,84;3741,36;1091,68;0;0;0;0
2511;39,08;0;0;0;0;0;0;1388,61;1388,61;39,08;0;0;0;0
2512;1144,62;841,3;2128,45;682,35;3194;1345,74;300;3166,54;3466,54;1144,62;175;0;0;0
2513;1022,93;446,72;1086,62;305,95;2879;1270,46;300;17458;17758;1022,93;0;0;0;0
2514;5485,76;0;836,09;21;1446;479,27;0;1067,23;1067,23;5485,76;0;0;0;0
2515;2938,67;656,14;112,7;195;3253;679,19;1699,33;0;1699,33;2938,67;0;0;0;0
2516;749,43;1133,45;1954,9;529,75;4040;2448,31;450;13465,63;13915,63;749,43;355;0;0;0
2517;9603,99;4362,9;18787,04;4736,33;20270,96;6425,22;34086,76;30639,26;64726,02;9603,99;791;5128;0;0
2518;187,05;75,43;986,56;60;1763;2285,25;150;1540,38;1690,38;187,05;167;0;0;0
2519;205,77;516,9;0;500;1711;172,51;2183,88;0;2183,88;205,77;0;0;0;0
2520;3164,29;2224,31;13031,95;3103,53;10754;4818,65;8696,54;21383,28;30079,82;3164,29;408;456;0;0
2521;1405,67;4063,3;12768,26;1817,75;4030;1051,09;8493,3;3648,68;12141,98;1405,67;182;0;0;0
2522;176,85;275,21;482,56;26,75;1674;479,99;396;0;396;176,85;62;0;0;0
2523;3042,05;2556,17;3898,14;1702,75;7015;1343,82;13916,57;12670,36;26586,93;3042,05;377;530;0;0
2524;397,06;921,72;23424,22;913,25;2459;988,72;2412,06;1296,18;3708,24;397,06;204;0;0;0
2525;170,44;44,1;280,17;7,35;732;212,07;0;0;0;170,44;0;0;0;0
2526;191,18;444,73;649,95;290,2;2025;395,58;0;0;0;191,18;0;0;0;0
2527;289,56;114,3;414,36;19,05;1137;226,04;2033,88;0;2033,88;289,56;58;0;0;0
2528;2527,17;4811,28;10083,65;1993,7;9457;4465,21;13731,58;7487,08;21218,66;2527,17;399;1244;0;0
2529;42,72;0;0;0;385;122,32;0;388,82;388,82;42,72;0;0;0;0
2530;550,24;1544,49;1635,34;769,75;3498;1476,56;2149,33;27885,78;30035,11;550,24;160;0;0;0
2531;264,93;198,93;35,18;0;628;152,65;0;0;0;264,93;0;229;0;0
2532;1832,08;914,76;3340,47;1111,7;3315;3739,42;7690,01;4411,36;12101,37;1832,08;181;355;0;0
2533;669,17;223,07;3185,77;1177,7;3721;984,51;2762,53;2467,34;5229,87;669,17;147;0;0;0
2534;161,31;53,1;42,55;18,85;1032;304,81;0;354,33;354,33;161,31;0;0;0;0
2535;469,47;826,88;2095,24;644,7;2747;221,15;1588,8;660,36;2249,16;469,47;66;773;0;0
2536;285,11;648,69;1718,02;608,35;2097;1370;1849,33;734,26;2583,59;285,11;126;0;0;0
2537;153,07;170,87;248,62;39;896;17,02;0;655;655;153,07;0;0;0;0
2538;180,72;1462,71;652,18;452,35;2396;748,9;1689,6;5739,16;7428,76;180,72;158;0;0;0
2539;441,01;301,22;2062,21;611,83;2551;781,7;3691,33;925,75;4617,08;441,01;151;0;0;0
2540;249,04;261,92;381,99;64,5;634;473,79;0;0;0;249,04;0;0;0;0
2541;59509,73;47821,33;72256,33;26578,41;84360,59;21624,92;86699,17;167089,66;253788,83;59509,73;2866;12181;8867;0
2542;80,13;0;2008,18;50;700;408,02;0;0;0;80,13;0;0;0;0
2543;729,97;836,85;2842,18;1234,3;3335;709,14;2149,33;996,75;3146,08;729,97;127;299;0;0
2544;197,77;95,4;971,92;15,9;1244;1166,92;0;375,62;375,62;197,77;0;0;0;0
2545;478,51;580,78;1672,25;1207,33;2629;1387,91;2977,7;2424,51;5402,21;478,51;146;0;0;0
2546;174,82;570,72;495,11;8,3;1001;289,24;150;0;150;174,82;0;0;0;0
2547;211,29;1291,46;1541,76;73,85;2208;1129,84;244,59;9891,9;10136,49;211,29;81;0;0;0
2548;331,82;0;122,37;0;758;351;0;0;0;331,82;0;0;0;0
2549;160,12;744,24;766,62;23,2;1287;75,29;0;0;0;160,12;0;0;0;0
2550;910,11;1503,79;2922,85;2012,45;7581;2725,69;6396,01;2779,72;9175,73;910,11;311;0;0;0
2551;578,91;0;807,59;50;1911;103,11;0;450,5;450,5;578,91;0;0;0;0
2552;683,34;583,65;9035,42;1543,15;3507;1722,11;4232,83;2503,06;6735,89;683,34;222;1598;0;0
2553;212,27;1122,49;618,11;247,45;1427;456,94;150;0;150;212,27;73;0;0;0
2554;544,27;276,79;1471,28;15,55;1781;391;0;0;0;544,27;0;0;0;0
2555;61,77;923,09;1105,91;139,65;1368;1025,27;244,59;0;244,59;61,77;0;0;0;0
2556;34,11;112,05;140,61;0;599;85,42;0;0;0;34,11;0;0;0;0
2557;599,25;38,1;4800,74;6,35;808;429,07;0;0;0;599,25;0;0;0;0
2558;390,71;67,67;1464,96;985,8;2293;709,25;1699,33;1255,7;2955,03;390,71;118;0;0;0
2559;87,27;110,53;3325,2;65,85;1740;1037,44;244,59;375,62;620,21;87,27;72;0;0;0
2560;197,33;50,7;827,01;8,45;2177;434,66;0;996,21;996,21;197,33;67;0;0;0
2561;673,58;253,17;328,42;0;1479;139,22;150;784,81;934,81;673,58;0;0;0;0
2562;1328,26;4085,5;8818,31;1373,79;5005;1251,43;5015,54;7391,65;12407,19;1328,26;157;126;0;0
2563;198,58;1512,14;988,96;390,75;1873;777,19;546;0;546;198,58;120;0;0;0
2564;279,77;98,1;747,8;16,35;866;326,79;0;0;0;279,77;0;0;0;0
2565;172,53;0;874,85;0;859;179,2;0;392,41;392,41;172,53;0;0;0;0
2566;384,39;268,8;866;397,45;1379;1166,22;0;0;0;384,39;66;0;0;0
2567;217,53;221,83;1289,97;195;1074;1021,56;1699,33;0;1699,33;217,53;99;0;0;0
2568;764,34;112,05;2432,69;410;2380;929,27;408;392,41;800,41;764,34;199;362;0;0
2569;369,27;0;385,29;21;1011;19,21;0;0;0;369,27;0;0;0;0
2570;11755,72;10159,9;15337,55;4528,13;19154,57;7521,04;29577,11;35817,43;65394,54;11755,72;713;2239;0;0
2571;501,36;322,05;688,48;240;1346;371,97;1436,4;1540,37;2976,77;501,36;0;0;0;0
2572;205,82;187,48;1040,73;0;737;142,12;0;621,93;621,93;205,82;0;0;0;0
2573;110,64;75,43;615,01;0;672;148,47;0;0;0;110,64;0;0;0;0
2574;267,57;155,76;1012,24;13,2;1068;300,5;150;0;150;267,57;73;0;0;0
2575;1290,21;841,37;280,82;150,75;2004;676,25;244,59;996,21;1240,8;1290,21;187;0;0;0
2576;110,16;0;767,26;0;608;406,29;0;0;0;110,16;0;0;0;0
2577;902,41;1096,64;6303,58;1080,48;2885;1906,24;3138,15;2602,86;5741,01;902,41;113;0;0;0
2578;2490,07;2435,64;4615,61;1281,3;9204;3587,64;11751,97;5934,13;17686,1;2490,07;376;529;0;0
2579;112,51;233,01;0;0;511;9,71;0;0;0;112,51;0;0;0;0
2580;1331,76;908,42;1150,16;608,8;5102,43;1338,88;1999,33;3461,91;5461,24;1331,76;0;54;0;0
2581;78,2;67,92;0;0;446;8,47;0;392,41;392,41;78,2;0;0;0;0
2582;39,45;0;223,04;0;1148;425,59;0;0;0;39,45;0;0;0;0
2583;3553,23;412,2;3007,31;914,35;4812;1584,99;3862,8;2632,13;6494,93;3553,23;200;0;0;0
2584;160,27;286,97;1748,93;0;1086;358,41;150;886,01;1036,01;160,27;0;0;0;0
2585;379,96;171,12;451,89;0;797;377,08;150;0;150;379,96;0;0;0;0
2586;651,8;0;1545,74;0;1152;534,87;0;0;0;651,8;0;0;0;0
2587;345,5;1033,08;1221,28;490,78;1442;603,93;244,59;392,41;637;345,5;55;0;0;0
2588;144,88;112,05;838,75;0;1008;159,15;0;0;0;144,88;0;0;0;0
2589;100,43;216,3;909,54;231,05;1221;656,33;0;0;0;100,43;53;0;0;0
2590;341,67;824,7;942,63;137,45;1310;320,7;150;4112,64;4262,64;341,67;101;0;0;0
2591;27,56;75,43;106,33;0;582;185,58;0;2368,03;2368,03;27,56;0;0;0;0
2592;104,73;329,7;576,79;19,55;964;516,06;0;0;0;104,73;0;0;0;0
2593;364,74;273,3;1691,96;532,35;1171;429,6;244,59;4112,64;4357,23;364,74;73;0;0;0
2594;220,07;0;111,83;0;895;174,8;0;0;0;220,07;117;0;0;0
2595;558,26;413,4;6487,33;264,9;2328;1315,04;1699,33;578,2;2277,53;558,26;141;271;0;0
2596;659,05;0;171,18;0;452;197,09;0;4762,92;4762,92;659,05;0;0;0;0
2597;496,88;324,06;1041,3;72,45;1832;466,68;244,59;0;244,59;496,88;145;217;0;0
2598;251,38;101,58;782,16;8,05;929;383,33;0;0;0;251,38;0;0;0;0
2599;322,61;112,03;1207,57;6,1;1734;660,11;0;996,21;996,21;322,61;0;0;0;0
2600;271,25;120,6;877,85;492,1;1074;633,56;317,25;0;317,25;271,25;75;0;0;0
2601;20475,06;11469,32;23398,33;4721,28;24722,42;4730,61;34237,94;28114,52;62352,46;20475,06;978;3941;0;0
2602;134,1;90,9;1640,16;15,15;764;581,98;0;0;0;134,1;0;0;0;0
2603;5128,14;2823;10353,99;1215,08;13014;6450,25;10344,07;6678,88;17022,95;5128,14;492;1502;0;0
2604;459,06;0;297,72;0;1076;20,44;0;0;0;459,06;0;0;0;0
2605;1771,85;572,93;2362,51;408,35;3607;2215,69;6243;4132,83;10375,83;1771,85;310;507;0;0
2606;3412,46;4122,69;4457,92;2377,02;5899;1584,9;10812,14;49173,11;59985,25;3412,46;318;968;0;0
2607;3387,63;3426,31;4886,03;2058,93;6470;2099,15;7583,27;3868,89;11452,16;3387,63;286;980;0;0
2608;251,01;185,97;718,14;0;821;454,94;150;0;150;251,01;0;0;0;0
2609;1022;1349,1;1852,15;1134,15;3841;2851,81;7839,87;6193,63;14033,5;1022;277;1168;0;0
2610;172,1;337,18;225,34;247;889;284,67;450;4112,64;4562,64;172,1;0;0;0;0
2611;84,18;103,2;314,24;0;666;461,53;0;0;0;84,18;0;0;0;0
2612;100,66;0;85,82;0;741;261,74;0;0;0;100,66;0;0;0;0
2613;4196,33;2289,03;15554,72;1362,93;9629;2757,43;14990,5;17861,05;32851,55;4196,33;378;465;0;0
2614;99,65;112,05;790,37;0;1037;19,7;0;0;0;99,65;0;0;0;0
2615;235,03;185,04;744,08;50;436;42,92;0;0;0;235,03;0;0;0;0
2616;83,79;63,9;263,04;10,65;712;270,99;0;388,82;388,82;83,79;0;0;436;0
2617;365,08;345,98;575,88;351,75;1752;312,96;3548,67;8216,49;11765,16;365,08;137;0;0;0
2618;211,57;0;451,44;0;749;420,45;0;0;0;211,57;0;0;0;0
2619;10115,94;3299,05;10485,05;1798,13;14701,82;2971,31;21156,14;20626,3;41782,44;10115,94;668;3145;0;0
2620;115,63;583,79;649,27;0;1236;607,9;0;1720,63;1720,63;115,63;0;0;0;0
2621;1438,91;1434,9;3287,67;902,25;5367;2755,47;2299,33;853,14;3152,47;1438,91;212;423;0;0
2622;1540,54;240,12;1664,88;1147,65;4284;844,03;8666,65;5191,39;13858,04;1540,54;269;498;0;0
2623;519,61;591,19;766,06;451,7;959;309,1;0;667,7;667,7;519,61;52;0;0;0
2624;504,37;1107,01;2183,45;956;2030;641,47;394,59;657,54;1052,13;504,37;106;0;0;0
2625;331,95;219,62;1981,79;400,45;2678;751,52;1699,33;2181,92;3881,25;331,95;0;0;0;0
2626;188,36;1027,72;1435,04;20,55;1725;462,52;0;4112,64;4112,64;188,36;88;0;0;0
2627;111,03;0;532,54;0;773;129,69;0;0;0;111,03;0;0;0;0
2628;158,98;173,93;600,94;23,85;1007;150,13;0;0;0;158,98;0;0;0;0
2629;1686,35;183,75;1556,65;111,95;4349;955,05;3531,83;2179,55;5711,38;1686,35;122;0;0;0
2630;15266,73;12044,85;25608,59;7008,48;36157,45;8504,72;45798,53;80721,12;126519,65;15266,73;1346;4837;870;0
2631;1792,74;0;505,43;0;1135;305,71;0;1793,25;1793,25;1792,74;0;0;0;0
2632;465,07;797,16;970,68;573,2;2014;504,37;0;2808;2808;465,07;0;0;0;0
2633;911,68;134,25;948,74;198,7;2118;649,77;1699,33;4988,18;6687,51;911,68;125;0;0;0
2634;3584,38;1677,51;9871,03;872;11184;2683,91;12396,03;375,62;12771,65;3584,38;465;961;0;0
2635;194,15;229,78;571,04;447,05;1033;288,13;300;1388,61;1688,61;194,15;0;0;0;0
2636;67,2;0;0;0;750;14,25;0;0;0;67,2;0;0;0;0
2637;135,51;406,65;1155,1;206,75;1405;495,36;0;0;0;135,51;101;0;0;0
2638;1423,77;394,22;4327,01;1430,55;5989;1359,86;8983,07;0;8983,07;1423,77;273;519;0;0
2639;707,83;1123,47;964,05;746,4;1881;737,33;2981,91;4943,74;7925,65;707,83;95;288;0;0
2640;115,32;128,7;741,56;21,45;455;428,88;0;0;0;115,32;0;0;0;0
2641;195,09;722,54;574,13;484,7;1869;188,95;150;0;150;195,09;0;0;0;0
2642;884,24;0;103,31;31;1113;89,12;0;151,2;151,2;884,24;91;0;0;0
2643;874,44;273,69;1236,64;469,9;3081;1299,91;450;903,42;1353,42;874,44;167;0;0;0
2644;4484,13;3613,9;16996,97;1970,25;13489;5218,37;16487,89;14968,36;31456,25;4484,13;564;1518;0;0
2645;226,74;345,96;1052,11;6,1;1389;1012,39;0;0;0;226,74;0;0;0;0
2646;1420,21;558,39;1511,98;1401,64;5374;1030,46;10157,01;3519,51;13676,52;1420,21;283;486;0;0
2647;1294,65;747,82;3909,4;677,1;3373;674,77;2481,66;3809,27;6290,93;1294,65;118;0;0;0
2648;1717,11;1038,34;3699,06;1699,35;6161;1346,96;14984;4381,65;19365,65;1717,11;270;397;0;0
2649;3367,43;2966,71;3782,33;1697;8205;1497,94;15129,71;5845,03;20974,74;3367,43;306;433;0;0
2650;695,34;924,19;2221,21;1103,3;3978;1205,75;2428,48;2307,15;4735,63;695,34;157;0;0;20
2651;51,24;2619,33;865,76;602,4;721;127,2;196,5;0;196,5;51,24;0;0;0;0
2652;46,39;224,25;867,66;18,7;474;218,71;1699,33;0;1699,33;46,39;0;0;0;0
2653;945,97;665,07;2493,27;1099,7;4642;1559,96;2062,59;392,41;2455;945,97;168;0;0;0
2654;158,55;396,17;399,57;24,95;1124;21,36;1699,33;375,62;2074,95;158,55;0;0;0;0
2655;115,57;60,9;101,07;205,15;797;155,14;0;0;0;115,57;0;0;0;0
2656;571,33;0;3309,83;20;1535;921,46;1007,62;0;1007,62;571,33;0;0;0;0
2657;165,08;242,55;1039,51;411,75;1029;415,09;0;386,35;386,35;165,08;0;0;0;0
2658;594,01;940,84;1203,85;1041,75;3016;929,8;2149,33;2285,1;4434,43;594,01;212;318;0;0
2659;433,63;273,54;1709,91;382,15;2449;650,27;0;318,6;318,6;433,63;94;0;0;0
2660;4665,14;309,92;4895,52;904,5;4261;747,82;3506,08;1999,47;5505,55;4665,14;158;0;0;0
2661;424,01;20,7;952,78;570,45;1654;488,89;0;0;0;424,01;90;0;0;0
2662;15540,39;4000,61;24703,09;2575,1;20565,53;6031,15;32453,69;20721,8;53175,49;15540,39;1021;2911;0;0
2663;12181,53;786,18;5959,21;1446,55;12874,56;2703,01;17398,65;20412,74;37811,39;12181,53;407;0;0;0
2664;5041,81;8095,71;12023,78;4245,2;11078;1592,19;16555,17;47418,03;63973,2;5041,81;275;5238;0;0
2665;734,68;403,29;443,4;987,1;1736;481,31;3656,85;600,06;4256,91;734,68;115;310;0;0
2666;1501,46;825,93;1356,37;536,2;2976;852,47;4298,4;0;4298,4;1501,46;101;0;0;0
2901;16016;12238;49959;7604;34387;7713;43173;51438;94611;121304;641,1;2556,8;3544,2;0
2902;2019;1412;3531;1209;3919;2200;5508;5658;11166;6714;46,3;114,2;0;0
2903;5371;4302;8369;3174;11370;2981;20869;33906;54775;11523;58,4;327,5;192,3;0
2904;201;575;1234;278;1498;782;2007;2872;4879;2079;50,8;99,7;0;0
2905;261;465;916;265;1056;454;1469;2926;4395;3257;24;128,6;0;0
2906;118;204;485;177;757;153;914;375;1289;2890;13,9;142,9;0;0
2907;310;291;1162;305;1492;397;760;2097;2857;3276;55,1;12;0;0
2908;280;497;1051;367;1008;425;1607;2294;3901;6430;97,2;447,8;0;0
2909;345;1806;1917;406;1308;405;2867;2575;5442;3387;20,5;105,4;0;0
2910;218;221;1026;345;1288;440;2132;2015;4147;1404;0;69,4;0;0
2911;4218;4903;15753;4140;16655;3292;17750;20872;38622;5235;70;262,7;0;0
2912;69;359;365;262;785;206;521;195;716;298;0;41;0;0
2913;615;5541;23937;2604;2042;916;6234;10561;16795;376;0;0;0;0
2914;2800;3187;8009;1526;6128;1471;14083;13984;28067;7854;63;382,7;0;0
2915;740;2225;10161;873;2106;474;4775;3135;7910;2543;23;29,8;0;0
2916;270;841;3073;751;744;535;3719;915;4634;377;12,6;0;0;0
2917;1805;5655;19254;1985;15958;904;26805;10644;37449;2013;22,9;35,4;0;0
2918;628;6403;9128;2081;2006;908;6514;14429;20943;352;0;0;0;0
2919;568;1221;3742;454;2469;428;2486;1409;3895;2641;33,6;35,6;0;0
2920;6319;6712;15270;7058;16983;3942;35331;25848;61179;8164;49,2;126,7;0;0
2921;622;843;5424;939;1745;618;4264;6850;11114;4479;62,4;324,4;0;0
2922;646;900;1681;1168;4056;971;5875;4826;10701;2609;52,2;85,3;0;0
2923;962;565;2680;1400;4434;855;4668;4106;8774;3670;53,2;68,8;0;0
2924;126;273;846;214;1291;252;76;1133;1209;638;20,3;0;0;0
2925;3307;6882;19374;3428;6465;1931;9657;18155;27812;4469;0;127,9;0;0
2926;764;2194;6708;1262;3213;997;6096;9214;15310;2687;15,9;67,1;0;0
2927;415;1500;5639;472;1029;309;4041;3680;7721;5101;39,9;100,7;0;0
2928;120;361;2431;278;728;180;997;352;1349;1166;0;0;0;0
2929;272;591;3782;595;1195;327;2061;3315;5376;1916;0;109,6;0;0
2930;193;607;2419;185;762;186;475;1216;1691;2226;14,2;0;0;0
2931;92;656;300;294;1477;528;0;0;0;127;12,3;0;0;0
2932;1440;2482;4938;1395;3721;943;7101;7437;14538;3447;40,2;238;0;0
2933;4612;5416;17749;4882;16991;4345;26553;32006;58559;4517;69,1;198,2;0;0
2934;4041;2060;10087;3697;11549;3174;31408;70711;102119;4873;50,3;85,5;0;0
2935;179;768;1536;165;1011;311;1314;1528;2842;2715;54,5;106,3;0;0
2936;115;363;2117;141;792;354;482;1184;1666;1283;17,5;0;0;0
2937;77;254;2902;58;766;266;157;2202;2359;996;29,7;0;0;0
2938;375;2036;9345;658;2434;675;5409;3899;9308;3347;73,3;85,4;0;0
2939;57;110;1641;95;725;228;616;205;821;450;0;0;0;0
2940;1541;2978;8963;1613;8458;2144;7102;8105;15207;3457;20,7;225,3;0;0
2941;143;129;788;74;924;200;1214;48;1262;1250;28,6;0;0;0
2942;2009;1518;4210;951;8134;1073;12091;4320;16411;2465;35,8;140,2;136,5;0
2943;11084;4554;34676;4102;23252;4342;37131;26381;63512;4906;34,1;91,7;0;0
2944;6164;10977;30539;5902;17781;5600;41592;58147;99739;7620;50,9;382,9;0;0
2945;7324;3471;81772;5095;33614;8366;37568;73490;111058;2589;46,4;143,3;0;0
2946;11347;9040;22807;5134;18646;2874;36596;39489;76085;18324;114,4;845,7;0;0
2947;520;897;1245;708;1463;422;1501;1271;2772;824;18,8;0;0;0
2948;289;231;1913;146;1444;487;510;1847;2357;2306;41,3;0;0;0
2949;239;846;5307;285;1861;553;1226;1826;3052;1158;46,9;0;0;0
2950;301;856;2749;359;2011;816;3277;6781;10058;2544;46,8;114,9;0;0
2951;1032;645;3290;869;3836;931;5544;2544;8088;2144;0;64,7;0;0
2952;661;711;1008;598;2366;297;2053;1657;3710;2990;7,9;74,2;0;0
2953;107;202;422;163;767;211;913;817;1730;1216;19,6;51,1;0;0
2954;239;342;815;375;1271;364;1775;275;2050;2174;0;68,6;0;0
2955;360;478;8863;422;2692;888;2001;2805;4806;1161;24,4;0;0;0
2956;245;330;2247;102;1111;430;3408;3013;6421;4066;68,6;64,9;0;0
2957;647;445;1299;563;2160;482;2703;3833;6536;3834;19,5;68,5;0;0
2958;510;1003;1576;384;2166;372;2038;1799;3837;3414;54,6;61,4;0;0
2959;163;352;1300;165;1028;399;615;500;1115;2286;37,3;18,7;0;0
2960;202;493;3215;221;964;378;1162;720;1882;3930;66,1;43,6;0;0
2961;236;256;1135;224;929;264;2161;1353;3514;6082;48,8;199,7;0;0
2962;259;622;1294;412;1220;340;1836;3644;5480;2877;73,7;55,4;0;0
2963;2955;3407;6150;2107;5979;1625;9013;14960;23973;35120;283,6;1023;0;0
2964;176;709;2379;436;888;234;1350;1831;3181;1218;25;0;0;0
2965;410;657;2277;650;2687;771;2853;1853;4706;1575;41,9;6,1;0;0
2966;461;1009;829;352;1448;150;2060;881;2941;3703;28,8;155,9;7,9;0
2967;0;280;791;151;0;333;886;87;973;1;6,8;10,2;0;0
2968;558;1503;1523;287;1945;460;4230;3474;7704;2373;27,1;0;0;0
2969;186;280;1159;195;1254;375;1680;1613;3293;1963;49,6;103,3;0;0
2970;55;117;705;117;434;304;475;363;838;725;22,5;0;0;0
2971;171;460;1678;462;1479;598;1541;1459;3000;1303;41,7;0;0;0
2972;174;532;10968;346;1147;369;1652;1079;2731;1937;53,8;168,5;0;0
2973;572;833;3482;534;3375;1152;4036;592;4628;2642;64,6;62,1;0;0
2974;0;310;1521;37;125;149;0;71;71;1;0;0;0;0
2975;1708;3166;6329;1216;4455;1134;9295;11276;20571;18707;164,9;489;0;0
2976;701;505;1566;583;4235;653;2953;1545;4498;5787;64,6;103,1;0;0
2977;247;432;1167;539;1699;954;2138;3607;5745;2355;58,6;94,9;0;0
2978;0;695;962;351;0;479;2163;1205;3368;1;27,2;0;0;0
2979;360;399;1532;480;1868;936;2177;2600;4777;2752;65,4;82,1;0;0
2980;157;297;887;206;1014;345;1014;1202;2216;2094;45,6;46,5;0;0
2981;184;1371;1986;589;976;358;1037;1868;2905;2202;45;146;0;0
2982;0;323;916;151;0;503;998;599;1597;1;50,3;134,3;426,2;0
2983;108;140;695;144;505;172;1041;1008;2049;1294;25,2;37,3;0;0
2984;145;468;804;294;832;414;1537;1873;3410;1926;44,6;129,1;0;0
2985;346;482;1275;339;1660;451;2845;2755;5600;2902;57,4;132,4;0;0
2986;301;897;2690;302;2152;637;2391;1423;3814;2383;40,4;51,8;0;0
2987;223;599;1892;374;1034;263;1817;2092;3909;3447;61,8;115,1;0;0
2988;147;657;1981;178;517;171;1473;4172;5645;919;10,4;15,6;0;0
2989;229;542;1228;201;763;231;1264;2341;3605;6539;84,6;156,1;0;0
2990;170;399;1099;292;632;195;1302;2305;3607;6454;79,8;246,4;0;0
2991;6;181;100;32;66;53;0;0;0;36;0;0;0;0
2992;0;0;0;0;0;0;0;0;0;1;0;0;0;0
2993;382;451;1494;426;2047;671;2663;7716;10379;1449;27,7;0;0;0
2994;1074;1698;1873;826;4083;910;3996;3939;7935;5216;72,5;200,8;0;0
2995;903;1120;4551;806;3140;1045;3865;4775;8640;8973;117,7;381,3;0;0
2996;1512;2479;3685;2100;6607;2063;14288;10125;24413;3359;63;115,5;0;0
2997;392;1158;5562;518;2262;573;2235;1634;3869;3515;84,4;137,1;0;0
2998;360;1538;1021;475;1825;609;2338;827;3165;1852;27,3;22,2;0;0
2999;125;349;1106;282;1288;435;1506;732;2238;1145;40;92,9;0;0
3000;255;967;9601;404;746;644;2392;1815;4207;2206;17,2;25,9;0;0
3001;602;499;3670;217;1608;341;1513;1219;2732;2609;30,3;73,9;0;0
3002;946;1195;3660;488;2885;464;4355;9119;13474;4170;43,7;44,2;0;0
3003;324;261;1822;313;1137;642;1919;1538;3457;4301;56,9;115;0;0
3004;159;672;731;466;856;272;1100;3340;4440;1041;14,6;22;0;0
3005;303;1108;2161;391;1175;702;2364;6270;8634;4806;73,3;161,7;0;0
3006;884;1190;3912;530;1728;496;3707;6702;10409;12155;75,5;325,8;0;0
3007;453;1927;1366;531;1316;335;2394;2833;5227;8318;95;328,7;0;0
3008;116;204;906;202;575;249;889;866;1755;842;8;11,9;0;0
3009;382;566;20999;217;1211;394;911;464;1375;2193;32,2;26,3;0;0
3010;114;189;515;179;618;166;1127;129;1256;839;17,4;28,2;0;0
3011;269;759;3156;343;1355;409;2287;1009;3296;2572;53,8;139,1;0;0
3012;0;23;127;3;176;92;0;0;0;1;0;0;0;0
3013;148;223;426;200;1001;184;1311;203;1514;995;26,4;0;0;0
3014;1809;1422;4641;952;3684;852;5489;10853;16342;16669;113,9;494,6;0;0
3015;103;195;476;99;464;146;726;84;810;1470;28,8;26,8;0;0
3016;77;129;444;62;401;127;287;9;296;1294;21,4;20,6;338,2;0
3017;194;710;621;165;929;231;1053;283;1336;6289;90,7;231,9;0;0
3018;134;184;593;152;653;246;845;234;1079;2560;44,5;37,6;0;0
3019;2304;3215;6466;1533;7157;1816;7676;10715;18391;10535;115,9;286,4;0;0
3020;238;997;2667;286;1592;547;1693;588;2281;1338;38,2;31,3;0;0
3021;143;280;718;108;844;282;728;388;1116;1689;39,8;38,4;0;0
3022;476;559;2890;474;2805;980;3252;2652;5904;2448;52,9;57,7;0;0
3023;748;1256;3870;909;1920;591;5105;16369;21474;5024;39,7;117,4;28;0
3024;1177;844;2848;883;3647;1475;3936;19996;23932;5055;58,4;65,6;0;0
3025;3580;4018;8857;2263;5861;2424;8313;27265;35578;17317;111,3;553,2;0;0
3026;267;346;1506;352;1484;436;1702;644;2346;2748;58,8;55,1;0;0
3027;5742;4775;23684;3041;11215;2229;17090;25277;42367;50375;332,7;1009,2;73,8;0
3028;867;976;4519;539;2398;595;6309;7180;13489;3997;51,5;110,6;0;0
3029;248;2144;7147;210;1099;1077;2309;496;2805;584;9,4;14;0;0
3030;6462;7549;31413;2921;16161;2144;28623;20589;49212;17914;147,5;299,8;797,9;0
3031;182;460;1591;177;940;304;866;620;1486;2661;32,4;0;0;0
3032;196;317;850;181;687;121;1442;583;2025;2950;34,5;92,6;0;0
3033;197;127;1041;44;643;128;372;787;1159;2380;0;0;0;0
3034;209;989;2766;316;781;188;1755;1115;2870;2880;22,7;24,4;0;0
3035;114;140;2157;114;726;204;326;2059;2385;2121;8,4;0;0;0
3036;148;132;2278;100;662;415;933;1118;2051;1354;21,7;22,3;0;0
3037;161;218;2115;230;651;163;951;760;1711;2692;41,5;74;0;0
3038;89;255;601;163;722;182;626;220;846;1341;4,5;0;0;0
3039;300;436;1420;284;988;344;1581;977;2558;5601;31,9;0;0;0
3040;1040;1700;5243;840;3383;785;7479;11341;18820;3308;45,1;93,3;0;0
3041;1311;729;3022;678;2848;418;4608;4039;8647;5966;64,2;116,7;0;0
3042;182;316;1005;187;586;147;996;729;1725;1480;12,7;19,1;0;0
3043;484;464;8866;270;1413;359;1926;1306;3232;5232;64,9;125,9;0;0
3044;1384;1262;4362;674;2629;494;4039;1558;5597;9540;84,9;208,3;0;0
3045;168;304;830;312;1181;306;1048;757;1805;1079;29;20,2;0;0
3046;48;173;523;73;409;83;56;678;734;832;9,8;0;0;0
3047;114;193;1233;74;521;137;657;45;702;1945;26,6;0;0;0
3048;107;242;653;139;488;150;1014;930;1944;1859;13,8;0;0;0
3049;108;183;454;84;452;82;757;201;958;2942;28,1;0;0;0
3050;102;208;2046;89;394;97;734;550;1284;1685;13,6;15,2;0;0
3051;81;95;812;83;442;61;953;322;1275;1995;28,7;0;0;0
3052;48;107;415;44;375;94;134;31;165;1088;8,4;0;0;0
3053;99;161;436;173;522;147;260;170;430;1290;20,7;17;0;0
3054;311;273;1173;227;918;366;1542;915;2457;2694;18,5;21,6;0;0
3055;280;390;1070;173;943;367;1003;2683;3686;2601;18,5;15,5;0;0
3056;53;160;317;43;323;79;22;17;39;1357;22,1;0;0;0
3057;179;678;807;174;518;130;731;986;1717;2830;20,3;21,5;0;0
3058;90;228;1868;115;462;181;638;231;869;2388;43;55,3;0;0
3059;303;171;958;291;1315;374;1268;2910;4178;2704;44,1;41,5;0;0
3060;326;368;1891;189;741;494;1356;1193;2549;4059;29,3;77,5;0;0
3061;276;225;1053;152;540;93;683;248;931;5143;0;0;0;0
3101;556;950;1674;0;1615;0;0;1771;1771;154614;0;0;1016,1;0
3102;639;1025;1806;0;1742;0;0;1910;1910;155500;0;0;1506,3;0
3103;327;564;994;0;959;0;0;1051;1051;151367;0;0;1251;0
3104;238;404;712;0;687;0;0;754;754;94400;0;0;205,7;0
3105;12666;15536;27360;0;26395;0;0;28948;28948;273068;1835,7;5567,7;3466,7;0
3106;817;1456;2563;0;2473;0;0;2712;2712;208022;0;0;417,4;0
3107;1285;1878;3307;0;3191;0;0;3499;3499;81400;441,7;1324,9;358,2;0
3108;505;949;1672;0;1613;0;0;1769;1769;67867;0;0;37,3;0
3109;1066;1738;3060;0;2952;0;0;3237;3237;241580;0;0;1608;0
3110;692;1043;1836;0;1772;0;0;1943;1943;180358;0;0;217,2;0
3111;1389;1896;3339;0;3221;0;0;3533;3533;286145;0;0;2856;0
3112;1973;2865;5046;0;4868;0;0;5339;5339;581967;0;0;4665,7;0
3113;1317;1892;3332;0;3215;0;0;3525;3525;454313;0;0;3240,1;0
3114;1045;1844;3247;0;3132;0;0;3435;3435;141790;0;0;1123;0
3115;778;1254;2208;0;2130;0;0;2336;2336;194112;0;0;3500,9;0
3116;269;521;917;0;885;0;0;970;970;117402;0;0;0;0
3117;291;587;1033;0;997;0;0;1093;1093;88840;0;0;0;0
3118;414;794;1398;0;1349;0;0;1479;1479;132883;0;0;0;0
3119;456;736;1296;0;1251;0;0;1372;1372;216495;0;0;0;0
3120;604;1013;1784;0;1721;0;0;1887;1887;279070;0;0;0;0
3121;23917;35952;63315;0;61082;0;0;66989;66989;1426462;0;0;0;0
3122;197;359;632;0;610;0;0;669;669;63121;0;0;0;0
3123;661;1059;1865;0;1800;0;0;1974;1974;313125;0;0;0;0
3124;526;853;1502;0;1449;0;0;1590;1590;151886;0;0;0;0
3125;870;1433;2523;0;2434;0;0;2670;2670;264459;0;0;0;0
3126;1535;2378;4188;0;4040;0;0;4431;4431;619029;0;0;0;0
3127;2364;3431;6042;0;5829;0;0;6392;6392;651840;0;0;34,5;0
3128;971;1593;2805;0;2706;0;0;2967;2967;160457;0;0;0;0
3129;959;1492;2628;0;2535;0;0;2780;2780;212722;0;0;0;0
3130;5853;9635;16967;0;16369;0;0;17952;17952;414920;0;0;0;0
3131;4226;8976;15807;0;15250;0;0;16724;16724;275158;0;0;0;0
3132;3930;6736;11863;0;11444;0;0;12551;12551;766898;0;0;0;0
3133;7688;10845;19098;0;18424;0;0;20206;20206;1237986;0;0;0;0
3134;4151;6927;12199;0;11769;0;0;12907;12907;509822;0;0;0;0
3135;5382;7740;13631;0;13150;0;0;14422;14422;930769;0;0;0;0
3136;1768;3151;5549;0;5354;0;0;5871;5871;417926;0;0;0;0
3137;3801;6297;11090;0;10699;0;0;11733;11733;329234;0;0;0;0
3138;1386;1964;3458;0;3336;0;0;3659;3659;171545;0;0;0;0
3139;830;1309;2305;0;2224;0;0;2439;2439;327097;0;0;0;0
3140;995;1694;2984;0;2879;0;0;3157;3157;361824;0;0;0;0
3141;831;1203;2118;0;2043;0;0;2241;2241;139668;0;0;0;0
3142;4055;5235;9220;0;8895;0;0;9755;9755;1321883;0;0;0;0
3143;2153;3686;6492;0;6263;0;0;6868;6868;373684;0;0;0;0
3144;497;867;1526;0;1472;0;0;1615;1615;124622;0;0;0;0
3145;1059;1540;2711;0;2616;0;0;2869;2869;269169;0;0;0;0
3146;592;930;1637;0;1579;0;0;1732;1732;162511;0;0;0;0
3147;760;1235;2175;0;2098;0;0;2301;2301;241532;0;0;0;0
3148;1456;2184;3847;0;3711;0;0;4070;4070;433800;0;0;0;0
3149;1831;2640;4649;0;4485;0;0;4919;4919;427371;0;0;0;0
3150;643;1071;1886;0;1820;0;0;1996;1996;194556;0;0;0;0
3151;1358;2055;3619;0;3491;0;0;3829;3829;324704;0;0;0;0
3152;1188;1873;3298;0;3181;0;0;3489;3489;197595;0;0;0;0
3153;959;1699;2992;0;2887;0;0;3166;3166;417604;0;0;0;0
3154;503;939;1654;0;1595;0;0;1750;1750;167209;0;0;0;0
3155;1472;2495;4394;0;4239;0;0;4649;4649;305339;0;0;0;0
3156;784;1495;2633;0;2540;0;0;2786;2786;160542;0;0;0;0
3157;2003;3301;5814;0;5609;0;0;6151;6151;319928;0;0;0;0
3158;2213;3358;5914;0;5705;0;0;6257;6257;384217;0;0;0;0
3159;1888;2694;4744;0;4577;0;0;5019;5019;4558469;0;0;0;0
3171;1145;1616;2846;0;2745;0;0;3011;3011;5453510;0;0;0;0
3201;0;0;0;0;0;0;0;0;0;0;0;0;0;0
3202;0;0;0;0;0;0;0;0;0;0;0;0;0;0
3203;0;0;0;0;0;0;0;0;0;0;0;0;0;0
3204;0;0;0;0;0;0;0;0;0;0;0;0;0;0
3205;0;0;0;0;0;0;0;0;0;0;0;0;0;0
3206;0;0;0;0;0;0;0;0;0;0;0;0;0;0
3207;0;0;0;0;0;0;0;0;0;0;0;0;0;0
3208;0;0;0;0;0;0;0;0;0;0;0;0;0;0
3209;0;0;0;0;0;0;0;0;0;0;0;0;0;0
3210;0;0;0;0;0;0;0;0;0;0;0;0;0;0
3211;0;0;0;0;0;0;0;0;0;0;0;0;0;0
3212;0;0;0;0;0;0;0;0;0;0;0;0;0;0
3213;0;0;0;0;0;0;0;0;0;0;0;0;0;0
3214;0;0;0;0;0;0;0;0;0;0;0;0;0;0
3215;0;0;0;0;0;0;0;0;0;0;0;0;0;0
3216;0;0;0;0;0;0;0;0;0;0;0;0;0;0
8000;0;0;0;0;0;0;0;0;0;0;0;0;0;0
8001;0;0;0;0;0;0;0;0;0;0;0;0;0;0
8002;0;0;0;0;0;0;0;0;0;0;0;0;0;0
8003;0;0;0;0;0;0;0;0;0;0;0;0;0;0
8004;0;0;0;0;0;0;0;0;0;0;0;0;0;0
8005;0;0;0;0;0;0;0;0;0;0;0;0;0;0
8006;0;0;0;0;0;0;0;0;0;0;0;0;0;0
8007;0;0;0;0;0;0;0;0;0;0;0;0;0;0
8008;0;0;0;0;0;0;0;0;0;0;0;0;0;0
8009;0;0;0;0;0;0;0;0;0;0;0;0;0;0
8010;0;0;0;0;0;0;0;0;0;0;0;0;0;0
8011;0;0;0;0;0;0;0;0;0;0;0;0;0;0
8012;0;0;0;0;0;0;0;0;0;0;0;0;0;0
8013;0;0;0;0;0;0;0;0;0;0;0;0;0;0
8014;0;0;0;0;0;0;0;0;0;0;0;0;0;0
8015;0;0;0;0;0;0;0;0;0;0;0;0;0;0
8016;0;0;0;0;0;0;0;0;0;0;0;0;0;0
8017;0;0;0;0;0;0;0;0;0;0;0;0;0;0
8018;0;0;0;0;0;0;0;0;0;0;0;0;0;0
8019;0;0;0;0;0;0;0;0;0;0;0;0;0;0
8020;0;0;0;0;0;0;0;0;0;0;0;0;0;0
8021;0;0;0;0;0;0;0;0;0;0;0;0;0;0
8022;0;0;0;0;0;0;0;0;0;0;0;0;0;0
8023;0;0;0;0;0;0;0;0;0;0;0;0;0;0
8024;0;0;0;0;0;0;0;0;0;0;0;0;0;0
8025;0;0;0;0;0;0;0;0;0;0;0;0;0;0
8026;0;0;0;0;0;0;0;0;0;0;0;0;0;0
8027;0;0;0;0;0;0;0;0;0;0;0;0;0;0
8028;0;0;0;0;0;0;0;0;0;0;0;0;0;0
8029;0;0;0;0;0;0;0;0;0;0;0;0;0;0
8030;0;0;0;0;0;0;0;0;0;0;0;0;0;0
8031;0;0;0;0;0;0;0;0;0;0;0;0;0;0
8032;0;0;0;0;0;0;0;0;0;0;0;0;0;0
8033;0;0;0;0;0;0;0;0;0;0;0;0;0;0
8034;0;0;0;0;0;0;0;0;0;0;0;0;0;0
8035;0;0;0;0;0;0;0;0;0;0;0;0;0;0
8036;0;0;0;0;0;0;0;0;0;0;0;0;0;0
8037;0;0;0;0;0;0;0;0;0;0;0;0;0;0
8038;0;0;0;0;0;0;0;0;0;0;0;0;0;0
8039;0;0;0;0;0;0;0;0;0;0;0;0;0;0
8040;0;0;0;0;0;0;0;0;0;0;0;0;0;0
10000;0;0;0;0;0;0;0;0;0;0;0;0;0;0
10001;0;0;0;0;0;0;0;0;0;0;0;0;0;0
10002;0;0;0;0;0;0;0;0;0;0;0;0;0;0
10003;0;0;0;0;0;0;0;0;0;0;0;0;0;0
10004;0;0;0;0;0;0;0;0;0;0;0;0;0;0
10005;0;0;0;0;0;0;0;0;0;0;0;0;0;0
10006;0;0;0;0;0;0;0;0;0;0;0;0;0;0
10007;0;0;0;0;0;0;0;0;0;0;0;0;0;0
10008;0;0;0;0;0;0;0;0;0;0;0;0;0;0
10009;0;0;0;0;0;0;0;0;0;0;0;0;0;0
10010;0;0;0;0;0;0;0;0;0;0;0;0;0;0
10011;0;0;0;0;0;0;0;0;0;0;0;0;0;0
10012;0;0;0;0;0;0;0;0;0;0;0;0;0;0
10013;0;0;0;0;0;0;0;0;0;0;0;0;0;0
10014;0;0;0;0;0;0;0;0;0;0;0;0;0;0
10015;0;0;0;0;0;0;0;0;0;0;0;0;0;0
10016;0;0;0;0;0;0;0;0;0;0;0;0;0;0
10017;0;0;0;0;0;0;0;0;0;0;0;0;0;0
10018;0;0;0;0;0;0;0;0;0;0;0;0;0;0
10019;0;0;0;0;0;0;0;0;0;0;0;0;0;0
10020;0;0;0;0;0;0;0;0;0;0;0;0;0;0
10021;0;0;0;0;0;0;0;0;0;0;0;0;0;0
10022;0;0;0;0;0;0;0;0;0;0;0;0;0;0
10023;0;0;0;0;0;0;0;0;0;0;0;0;0;0
10024;0;0;0;0;0;0;0;0;0;0;0;0;0;0
10025;0;0;0;0;0;0;0;0;0;0;0;0;0;0
10026;0;0;0;0;0;0;0;0;0;0;0;0;0;0
10027;0;0;0;0;0;0;0;0;0;0;0;0;0;0
10028;0;0;0;0;0;0;0;0;0;0;0;0;0;0
10029;0;0;0;0;0;0;0;0;0;0;0;0;0;0
10030;0;0;0;0;0;0;0;0;0;0;0;0;0;0
10031;0;0;0;0;0;0;0;0;0;0;0;0;0;0
10032;0;0;0;0;0;0;0;0;0;0;0;0;0;0
10033;0;0;0;0;0;0;0;0;0;0;0;0;0;0
10034;0;0;0;0;0;0;0;0;0;0;0;0;0;0
10035;0;0;0;0;0;0;0;0;0;0;0;0;0;0
10036;0;0;0;0;0;0;0;0;0;0;0;0;0;0
10037;0;0;0;0;0;0;0;0;0;0;0;0;0;0
10038;0;0;0;0;0;0;0;0;0;0;0;0;0;0
10039;0;0;0;0;0;0;0;0;0;0;0;0;0;0
10040;0;0;0;0;0;0;0;0;0;0;0;0;0;0
10041;0;0;0;0;0;0;0;0;0;0;0;0;0;0
10042;0;0;0;0;0;0;0;0;0;0;0;0;0;0
10043;0;0;0;0;0;0;0;0;0;0;0;0;0;0
10044;0;0;0;0;0;0;0;0;0;0;0;0;0;0
10045;0;0;0;0;0;0;0;0;0;0;0;0;0;0
10046;0;0;0;0;0;0;0;0;0;0;0;0;0;0
10047;0;0;0;0;0;0;0;0;0;0;0;0;0;0
10048;0;0;0;0;0;0;0;0;0;0;0;0;0;0
10049;0;0;0;0;0;0;0;0;0;0;0;0;0;0
10050;0;0;0;0;0;0;0;0;0;0;0;0;0;0
10051;0;0;0;0;0;0;0;0;0;0;0;0;0;0
10052;0;0;0;0;0;0;0;0;0;0;0;0;0;0
10053;0;0;0;0;0;0;0;0;0;0;0;0;0;0
10054;0;0;0;0;0;0;0;0;0;0;0;0;0;0
10055;0;0;0;0;0;0;0;0;0;0;0;0;0;0
10056;0;0;0;0;0;0;0;0;0;0;0;0;0;0
10057;0;0;0;0;0;0;0;0;0;0;0;0;0;0
10058;0;0;0;0;0;0;0;0;0;0;0;0;0;0
10059;0;0;0;0;0;0;0;0;0;0;0;0;0;0
10060;0;0;0;0;0;0;0;0;0;0;0;0;0;0
10061;0;0;0;0;0;0;0;0;0;0;0;0;0;0
10062;0;0;0;0;0;0;0;0;0;0;0;0;0;0
10063;0;0;0;0;0;0;0;0;0;0;0;0;0;0
10064;0;0;0;0;0;0;0;0;0;0;0;0;0;0
10065;0;0;0;0;0;0;0;0;0;0;0;0;0;0
10066;0;0;0;0;0;0;0;0;0;0;0;0;0;0
10067;0;0;0;0;0;0;0;0;0;0;0;0;0;0
10068;0;0;0;0;0;0;0;0;0;0;0;0;0;0
10069;0;0;0;0;0;0;0;0;0;0;0;0;0;0
10070;0;0;0;0;0;0;0;0;0;0;0;0;0;0
10071;0;0;0;0;0;0;0;0;0;0;0;0;0;0
10072;0;0;0;0;0;0;0;0;0;0;0;0;0;0
10073;0;0;0;0;0;0;0;0;0;0;0;0;0;0
10074;0;0;0;0;0;0;0;0;0;0;0;0;0;0
10075;0;0;0;0;0;0;0;0;0;0;0;0;0;0
10076;0;0;0;0;0;0;0;0;0;0;0;0;0;0
10077;0;0;0;0;0;0;0;0;0;0;0;0;0;0
10078;0;0;0;0;0;0;0;0;0;0;0;0;0;0
10079;0;0;0;0;0;0;0;0;0;0;0;0;0;0
10080;0;0;0;0;0;0;0;0;0;0;0;0;0;0
10081;0;0;0;0;0;0;0;0;0;0;0;0;0;0
10082;0;0;0;0;0;0;0;0;0;0;0;0;0;0
10083;0;0;0;0;0;0;0;0;0;0;0;0;0;0
10084;0;0;0;0;0;0;0;0;0;0;0;0;0;0
10085;0;0;0;0;0;0;0;0;0;0;0;0;0;0
10086;0;0;0;0;0;0;0;0;0;0;0;0;0;0
10087;0;0;0;0;0;0;0;0;0;0;0;0;0;0
10088;0;0;0;0;0;0;0;0;0;0;0;0;0;0
10089;0;0;0;0;0;0;0;0;0;0;0;0;0;0
10090;0;0;0;0;0;0;0;0;0;0;0;0;0;0
10091;0;0;0;0;0;0;0;0;0;0;0;0;0;0
10092;0;0;0;0;0;0;0;0;0;0;0;0;0;0
10093;0;0;0;0;0;0;0;0;0;0;0;0;0;0
10094;0;0;0;0;0;0;0;0;0;0;0;0;0;0
10095;0;0;0;0;0;0;0;0;0;0;0;0;0;0
10096;0;0;0;0;0;0;0;0;0;0;0;0;0;0
10097;0;0;0;0;0;0;0;0;0;0;0;0;0;0
10098;0;0;0;0;0;0;0;0;0;0;0;0;0;0
10099;0;0;0;0;0;0;0;0;0;0;0;0;0;0
10100;0;0;0;0;0;0;0;0;0;0;0;0;0;0
10101;0;0;0;0;0;0;0;0;0;0;0;0;0;0
10102;0;0;0;0;0;0;0;0;0;0;0;0;0;0
10103;0;0;0;0;0;0;0;0;0;0;0;0;0;0
10104;0;0;0;0;0;0;0;0;0;0;0;0;0;0
10105;0;0;0;0;0;0;0;0;0;0;0;0;0;0
10106;0;0;0;0;0;0;0;0;0;0;0;0;0;0
10107;0;0;0;0;0;0;0;0;0;0;0;0;0;0
10108;0;0;0;0;0;0;0;0;0;0;0;0;0;0
10109;0;0;0;0;0;0;0;0;0;0;0;0;0;0
10110;0;0;0;0;0;0;0;0;0;0;0;0;0;0
10111;0;0;0;0;0;0;0;0;0;0;0;0;0;0
10112;0;0;0;0;0;0;0;0;0;0;0;0;0;0
10113;0;0;0;0;0;0;0;0;0;0;0;0;0;0
10114;0;0;0;0;0;0;0;0;0;0;0;0;0;0
10115;0;0;0;0;0;0;0;0;0;0;0;0;0;0
10116;0;0;0;0;0;0;0;0;0;0;0;0;0;0
10117;0;0;0;0;0;0;0;0;0;0;0;0;0;0
10118;0;0;0;0;0;0;0;0;0;0;0;0;0;0
10119;0;0;0;0;0;0;0;0;0;0;0;0;0;0
10121;0;0;0;0;0;0;0;0;0;0;0;0;0;0
10122;0;0;0;0;0;0;0;0;0;0;0;0;0;0
10123;0;0;0;0;0;0;0;0;0;0;0;0;0;0
10124;0;0;0;0;0;0;0;0;0;0;0;0;0;0
10125;0;0;0;0;0;0;0;0;0;0;0;0;0;0
10126;0;0;0;0;0;0;0;0;0;0;0;0;0;0
10127;0;0;0;0;0;0;0;0;0;0;0;0;0;0
10128;0;0;0;0;0;0;0;0;0;0;0;0;0;0
10129;0;0;0;0;0;0;0;0;0;0;0;0;0;0
10130;0;0;0;0;0;0;0;0;0;0;0;0;0;0
10131;0;0;0;0;0;0;0;0;0;0;0;0;0;0
10132;0;0;0;0;0;0;0;0;0;0;0;0;0;0
10133;0;0;0;0;0;0;0;0;0;0;0;0;0;0
10134;0;0;0;0;0;0;0;0;0;0;0;0;0;0
10135;0;0;0;0;0;0;0;0;0;0;0;0;0;0
10136;0;0;0;0;0;0;0;0;0;0;0;0;0;0
10137;0;0;0;0;0;0;0;0;0;0;0;0;0;0
10138;0;0;0;0;0;0;0;0;0;0;0;0;0;0
10139;0;0;0;0;0;0;0;0;0;0;0;0;0;0
10140;0;0;0;0;0;0;0;0;0;0;0;0;0;0
10141;0;0;0;0;0;0;0;0;0;0;0;0;0;0
10142;0;0;0;0;0;0;0;0;0;0;0;0;0;0
10143;0;0;0;0;0;0;0;0;0;0;0;0;0;0
10144;0;0;0;0;0;0;0;0;0;0;0;0;0;0
10145;0;0;0;0;0;0;0;0;0;0;0;0;0;0
10146;0;0;0;0;0;0;0;0;0;0;0;0;0;0
10147;0;0;0;0;0;0;0;0;0;0;0;0;0;0
10148;0;0;0;0;0;0;0;0;0;0;0;0;0;0
10149;0;0;0;0;0;0;0;0;0;0;0;0;0;0
10150;0;0;0;0;0;0;0;0;0;0;0;0;0;0
10151;0;0;0;0;0;0;0;0;0;0;0;0;0;0
10152;0;0;0;0;0;0;0;0;0;0;0;0;0;0
10153;0;0;0;0;0;0;0;0;0;0;0;0;0;0
10154;0;0;0;0;0;0;0;0;0;0;0;0;0;0
10155;0;0;0;0;0;0;0;0;0;0;0;0;0;0
10156;0;0;0;0;0;0;0;0;0;0;0;0;0;0
10157;0;0;0;0;0;0;0;0;0;0;0;0;0;0
10158;0;0;0;0;0;0;0;0;0;0;0;0;0;0
10159;0;0;0;0;0;0;0;0;0;0;0;0;0;0
10160;0;0;0;0;0;0;0;0;0;0;0;0;0;0
10161;0;0;0;0;0;0;0;0;0;0;0;0;0;0
10162;0;0;0;0;0;0;0;0;0;0;0;0;0;0
10163;0;0;0;0;0;0;0;0;0;0;0;0;0;0
10164;0;0;0;0;0;0;0;0;0;0;0;0;0;0
10165;0;0;0;0;0;0;0;0;0;0;0;0;0;0
10166;0;0;0;0;0;0;0;0;0;0;0;0;0;0
10167;0;0;0;0;0;0;0;0;0;0;0;0;0;0
10168;0;0;0;0;0;0;0;0;0;0;0;0;0;0
10169;0;0;0;0;0;0;0;0;0;0;0;0;0;0
10170;0;0;0;0;0;0;0;0;0;0;0;0;0;0
10171;0;0;0;0;0;0;0;0;0;0;0;0;0;0
10172;0;0;0;0;0;0;0;0;0;0;0;0;0;0
10173;0;0;0;0;0;0;0;0;0;0;0;0;0;0
10174;0;0;0;0;0;0;0;0;0;0;0;0;0;0
10175;0;0;0;0;0;0;0;0;0;0;0;0;0;0
10176;0;0;0;0;0;0;0;0;0;0;0;0;0;0
10177;0;0;0;0;0;0;0;0;0;0;0;0;0;0
10178;0;0;0;0;0;0;0;0;0;0;0;0;0;0
10179;0;0;0;0;0;0;0;0;0;0;0;0;0;0
10180;0;0;0;0;0;0;0;0;0;0;0;0;0;0
10181;0;0;0;0;0;0;0;0;0;0;0;0;0;0
10182;0;0;0;0;0;0;0;0;0;0;0;0;0;0
10183;0;0;0;0;0;0;0;0;0;0;0;0;0;0
10184;0;0;0;0;0;0;0;0;0;0;0;0;0;0
10185;0;0;0;0;0;0;0;0;0;0;0;0;0;0
10186;0;0;0;0;0;0;0;0;0;0;0;0;0;0
10187;0;0;0;0;0;0;0;0;0;0;0;0;0;0
10188;0;0;0;0;0;0;0;0;0;0;0;0;0;0
10189;0;0;0;0;0;0;0;0;0;0;0;0;0;0
10190;0;0;0;0;0;0;0;0;0;0;0;0;0;0
10191;0;0;0;0;0;0;0;0;0;0;0;0;0;0
10192;0;0;0;0;0;0;0;0;0;0;0;0;0;0
10193;0;0;0;0;0;0;0;0;0;0;0;0;0;0
10194;0;0;0;0;0;0;0;0;0;0;0;0;0;0
10195;0;0;0;0;0;0;0;0;0;0;0;0;0;0
10196;0;0;0;0;0;0;0;0;0;0;0;0;0;0
10197;0;0;0;0;0;0;0;0;0;0;0;0;0;0
10198;0;0;0;0;0;0;0;0;0;0;0;0;0;0
10199;0;0;0;0;0;0;0;0;0;0;0;0;0;0
10200;0;0;0;0;0;0;0;0;0;0;0;0;0;0
10201;0;0;0;0;0;0;0;0;0;0;0;0;0;0
10202;0;0;0;0;0;0;0;0;0;0;0;0;0;0
10203;0;0;0;0;0;0;0;0;0;0;0;0;0;0
10204;0;0;0;0;0;0;0;0;0;0;0;0;0;0
10205;0;0;0;0;0;0;0;0;0;0;0;0;0;0
10206;0;0;0;0;0;0;0;0;0;0;0;0;0;0
10207;0;0;0;0;0;0;0;0;0;0;0;0;0;0
10208;0;0;0;0;0;0;0;0;0;0;0;0;0;0
10209;0;0;0;0;0;0;0;0;0;0;0;0;0;0
10210;0;0;0;0;0;0;0;0;0;0;0;0;0;0
10211;0;0;0;0;0;0;0;0;0;0;0;0;0;0
10212;0;0;0;0;0;0;0;0;0;0;0;0;0;0
10213;0;0;0;0;0;0;0;0;0;0;0;0;0;0
10214;0;0;0;0;0;0;0;0;0;0;0;0;0;0
10215;0;0;0;0;0;0;0;0;0;0;0;0;0;0
10216;0;0;0;0;0;0;0;0;0;0;0;0;0;0
10217;0;0;0;0;0;0;0;0;0;0;0;0;0;0
10218;0;0;0;0;0;0;0;0;0;0;0;0;0;0
10219;0;0;0;0;0;0;0;0;0;0;0;0;0;0
10220;0;0;0;0;0;0;0;0;0;0;0;0;0;0
10221;0;0;0;0;0;0;0;0;0;0;0;0;0;0
10222;0;0;0;0;0;0;0;0;0;0;0;0;0;0
10223;0;0;0;0;0;0;0;0;0;0;0;0;0;0
10224;0;0;0;0;0;0;0;0;0;0;0;0;0;0
10225;0;0;0;0;0;0;0;0;0;0;0;0;0;0
10226;0;0;0;0;0;0;0;0;0;0;0;0;0;0
10227;0;0;0;0;0;0;0;0;0;0;0;0;0;0
10228;0;0;0;0;0;0;0;0;0;0;0;0;0;0
10229;0;0;0;0;0;0;0;0;0;0;0;0;0;0
10230;0;0;0;0;0;0;0;0;0;0;0;0;0;0
10231;0;0;0;0;0;0;0;0;0;0;0;0;0;0
10232;0;0;0;0;0;0;0;0;0;0;0;0;0;0
10233;0;0;0;0;0;0;0;0;0;0;0;0;0;0
10234;0;0;0;0;0;0;0;0;0;0;0;0;0;0
10235;0;0;0;0;0;0;0;0;0;0;0;0;0;0
10236;0;0;0;0;0;0;0;0;0;0;0;0;0;0
10237;0;0;0;0;0;0;0;0;0;0;0;0;0;0
10238;0;0;0;0;0;0;0;0;0;0;0;0;0;0
10239;0;0;0;0;0;0;0;0;0;0;0;0;0;0
10240;0;0;0;0;0;0;0;0;0;0;0;0;0;0
10241;0;0;0;0;0;0;0;0;0;0;0;0;0;0
10242;0;0;0;0;0;0;0;0;0;0;0;0;0;0
10243;0;0;0;0;0;0;0;0;0;0;0;0;0;0
10244;0;0;0;0;0;0;0;0;0;0;0;0;0;0
10245;0;0;0;0;0;0;0;0;0;0;0;0;0;0
10246;0;0;0;0;0;0;0;0;0;0;0;0;0;0
10247;0;0;0;0;0;0;0;0;0;0;0;0;0;0
10248;0;0;0;0;0;0;0;0;0;0;0;0;0;0
10249;0;0;0;0;0;0;0;0;0;0;0;0;0;0
10250;0;0;0;0;0;0;0;0;0;0;0;0;0;0
10251;0;0;0;0;0;0;0;0;0;0;0;0;0;0
10252;0;0;0;0;0;0;0;0;0;0;0;0;0;0
10253;0;0;0;0;0;0;0;0;0;0;0;0;0;0
10254;0;0;0;0;0;0;0;0;0;0;0;0;0;0
10255;0;0;0;0;0;0;0;0;0;0;0;0;0;0
10256;0;0;0;0;0;0;0;0;0;0;0;0;0;0
10257;0;0;0;0;0;0;0;0;0;0;0;0;0;0
10258;0;0;0;0;0;0;0;0;0;0;0;0;0;0
10259;0;0;0;0;0;0;0;0;0;0;0;0;0;0
10260;0;0;0;0;0;0;0;0;0;0;0;0;0;0
10261;0;0;0;0;0;0;0;0;0;0;0;0;0;0
10262;0;0;0;0;0;0;0;0;0;0;0;0;0;0
10263;0;0;0;0;0;0;0;0;0;0;0;0;0;0
10264;0;0;0;0;0;0;0;0;0;0;0;0;0;0
10265;0;0;0;0;0;0;0;0;0;0;0;0;0;0
10266;0;0;0;0;0;0;0;0;0;0;0;0;0;0
10267;0;0;0;0;0;0;0;0;0;0;0;0;0;0
10268;0;0;0;0;0;0;0;0;0;0;0;0;0;0
10269;0;0;0;0;0;0;0;0;0;0;0;0;0;0
10270;0;0;0;0;0;0;0;0;0;0;0;0;0;0
10271;0;0;0;0;0;0;0;0;0;0;0;0;0;0
10272;0;0;0;0;0;0;0;0;0;0;0;0;0;0
10273;0;0;0;0;0;0;0;0;0;0;0;0;0;0
10274;0;0;0;0;0;0;0;0;0;0;0;0;0;0
10275;0;0;0;0;0;0;0;0;0;0;0;0;0;0
10276;0;0;0;0;0;0;0;0;0;0;0;0;0;0
10277;0;0;0;0;0;0;0;0;0;0;0;0;0;0
10278;0;0;0;0;0;0;0;0;0;0;0;0;0;0
10279;0;0;0;0;0;0;0;0;0;0;0;0;0;0
10280;0;0;0;0;0;0;0;0;0;0;0;0;0;0
10281;0;0;0;0;0;0;0;0;0;0;0;0;0;0
10282;0;0;0;0;0;0;0;0;0;0;0;0;0;0
10283;0;0;0;0;0;0;0;0;0;0;0;0;0;0
10284;0;0;0;0;0;0;0;0;0;0;0;0;0;0
10285;0;0;0;0;0;0;0;0;0;0;0;0;0;0
10286;0;0;0;0;0;0;0;0;0;0;0;0;0;0
10287;0;0;0;0;0;0;0;0;0;0;0;0;0;0
10288;0;0;0;0;0;0;0;0;0;0;0;0;0;0
10289;0;0;0;0;0;0;0;0;0;0;0;0;0;0
10290;0;0;0;0;0;0;0;0;0;0;0;0;0;0
10291;0;0;0;0;0;0;0;0;0;0;0;0;0;0
10292;0;0;0;0;0;0;0;0;0;0;0;0;0;0
10293;0;0;0;0;0;0;0;0;0;0;0;0;0;0
10294;0;0;0;0;0;0;0;0;0;0;0;0;0;0
10295;0;0;0;0;0;0;0;0;0;0;0;0;0;0
10296;0;0;0;0;0;0;0;0;0;0;0;0;0;0
10297;0;0;0;0;0;0;0;0;0;0;0;0;0;0
10298;0;0;0;0;0;0;0;0;0;0;0;0;0;0
10299;0;0;0;0;0;0;0;0;0;0;0;0;0;0
10300;0;0;0;0;0;0;0;0;0;0;0;0;0;0
10301;0;0;0;0;0;0;0;0;0;0;0;0;0;0
10302;0;0;0;0;0;0;0;0;0;0;0;0;0;0
10303;0;0;0;0;0;0;0;0;0;0;0;0;0;0
10304;0;0;0;0;0;0;0;0;0;0;0;0;0;0
10305;0;0;0;0;0;0;0;0;0;0;0;0;0;0
10306;0;0;0;0;0;0;0;0;0;0;0;0;0;0
10307;0;0;0;0;0;0;0;0;0;0;0;0;0;0
10308;0;0;0;0;0;0;0;0;0;0;0;0;0;0
10309;0;0;0;0;0;0;0;0;0;0;0;0;0;0
10310;0;0;0;0;0;0;0;0;0;0;0;0;0;0
10311;0;0;0;0;0;0;0;0;0;0;0;0;0;0
10312;0;0;0;0;0;0;0;0;0;0;0;0;0;0
10313;0;0;0;0;0;0;0;0;0;0;0;0;0;0
10314;0;0;0;0;0;0;0;0;0;0;0;0;0;0
10315;0;0;0;0;0;0;0;0;0;0;0;0;0;0
10316;0;0;0;0;0;0;0;0;0;0;0;0;0;0
10317;0;0;0;0;0;0;0;0;0;0;0;0;0;0
10318;0;0;0;0;0;0;0;0;0;0;0;0;0;0
10319;0;0;0;0;0;0;0;0;0;0;0;0;0;0
10320;0;0;0;0;0;0;0;0;0;0;0;0;0;0
10321;0;0;0;0;0;0;0;0;0;0;0;0;0;0
10322;0;0;0;0;0;0;0;0;0;0;0;0;0;0
10323;0;0;0;0;0;0;0;0;0;0;0;0;0;0
10324;0;0;0;0;0;0;0;0;0;0;0;0;0;0
10325;0;0;0;0;0;0;0;0;0;0;0;0;0;0
10326;0;0;0;0;0;0;0;0;0;0;0;0;0;0
10327;0;0;0;0;0;0;0;0;0;0;0;0;0;0
10328;0;0;0;0;0;0;0;0;0;0;0;0;0;0
10329;0;0;0;0;0;0;0;0;0;0;0;0;0;0
10330;0;0;0;0;0;0;0;0;0;0;0;0;0;0
10331;0;0;0;0;0;0;0;0;0;0;0;0;0;0
10332;0;0;0;0;0;0;0;0;0;0;0;0;0;0
10333;0;0;0;0;0;0;0;0;0;0;0;0;0;0
10334;0;0;0;0;0;0;0;0;0;0;0;0;0;0
10335;0;0;0;0;0;0;0;0;0;0;0;0;0;0
10336;0;0;0;0;0;0;0;0;0;0;0;0;0;0
10337;0;0;0;0;0;0;0;0;0;0;0;0;0;0
10338;0;0;0;0;0;0;0;0;0;0;0;0;0;0
10339;0;0;0;0;0;0;0;0;0;0;0;0;0;0
10340;0;0;0;0;0;0;0;0;0;0;0;0;0;0
10341;0;0;0;0;0;0;0;0;0;0;0;0;0;0
10342;0;0;0;0;0;0;0;0;0;0;0;0;0;0
10343;0;0;0;0;0;0;0;0;0;0;0;0;0;0
10344;0;0;0;0;0;0;0;0;0;0;0;0;0;0
10345;0;0;0;0;0;0;0;0;0;0;0;0;0;0
10346;0;0;0;0;0;0;0;0;0;0;0;0;0;0
10347;0;0;0;0;0;0;0;0;0;0;0;0;0;0
10348;0;0;0;0;0;0;0;0;0;0;0;0;0;0
10349;0;0;0;0;0;0;0;0;0;0;0;0;0;0
10350;0;0;0;0;0;0;0;0;0;0;0;0;0;0
10351;0;0;0;0;0;0;0;0;0;0;0;0;0;0
10352;0;0;0;0;0;0;0;0;0;0;0;0;0;0
10353;0;0;0;0;0;0;0;0;0;0;0;0;0;0
10354;0;0;0;0;0;0;0;0;0;0;0;0;0;0
10355;0;0;0;0;0;0;0;0;0;0;0;0;0;0
10356;0;0;0;0;0;0;0;0;0;0;0;0;0;0
10357;0;0;0;0;0;0;0;0;0;0;0;0;0;0
10358;0;0;0;0;0;0;0;0;0;0;0;0;0;0
10359;0;0;0;0;0;0;0;0;0;0;0;0;0;0
10360;0;0;0;0;0;0;0;0;0;0;0;0;0;0
10361;0;0;0;0;0;0;0;0;0;0;0;0;0;0
10362;0;0;0;0;0;0;0;0;0;0;0;0;0;0
10363;0;0;0;0;0;0;0;0;0;0;0;0;0;0
10364;0;0;0;0;0;0;0;0;0;0;0;0;0;0
10365;0;0;0;0;0;0;0;0;0;0;0;0;0;0
10366;0;0;0;0;0;0;0;0;0;0;0;0;0;0
10367;0;0;0;0;0;0;0;0;0;0;0;0;0;0
10368;0;0;0;0;0;0;0;0;0;0;0;0;0;0
10369;0;0;0;0;0;0;0;0;0;0;0;0;0;0
10370;0;0;0;0;0;0;0;0;0;0;0;0;0;0
10371;0;0;0;0;0;0;0;0;0;0;0;0;0;0
10372;0;0;0;0;0;0;0;0;0;0;0;0;0;0
10373;0;0;0;0;0;0;0;0;0;0;0;0;0;0
10374;0;0;0;0;0;0;0;0;0;0;0;0;0;0
10375;0;0;0;0;0;0;0;0;0;0;0;0;0;0
10376;0;0;0;0;0;0;0;0;0;0;0;0;0;0
10377;0;0;0;0;0;0;0;0;0;0;0;0;0;0
10378;0;0;0;0;0;0;0;0;0;0;0;0;0;0
10379;0;0;0;0;0;0;0;0;0;0;0;0;0;0
10380;0;0;0;0;0;0;0;0;0;0;0;0;0;0
10381;0;0;0;0;0;0;0;0;0;0;0;0;0;0
10382;0;0;0;0;0;0;0;0;0;0;0;0;0;0
10383;0;0;0;0;0;0;0;0;0;0;0;0;0;0
10384;0;0;0;0;0;0;0;0;0;0;0;0;0;0
10385;0;0;0;0;0;0;0;0;0;0;0;0;0;0
10386;0;0;0;0;0;0;0;0;0;0;0;0;0;0
10387;0;0;0;0;0;0;0;0;0;0;0;0;0;0
10388;0;0;0;0;0;0;0;0;0;0;0;0;0;0
10389;0;0;0;0;0;0;0;0;0;0;0;0;0;0
10390;0;0;0;0;0;0;0;0;0;0;0;0;0;0
10391;0;0;0;0;0;0;0;0;0;0;0;0;0;0
10392;0;0;0;0;0;0;0;0;0;0;0;0;0;0
10393;0;0;0;0;0;0;0;0;0;0;0;0;0;0
10394;0;0;0;0;0;0;0;0;0;0;0;0;0;0
10395;0;0;0;0;0;0;0;0;0;0;0;0;0;0
10396;0;0;0;0;0;0;0;0;0;0;0;0;0;0
10397;0;0;0;0;0;0;0;0;0;0;0;0;0;0
10398;0;0;0;0;0;0;0;0;0;0;0;0;0;0
10399;0;0;0;0;0;0;0;0;0;0;0;0;0;0
10400;0;0;0;0;0;0;0;0;0;0;0;0;0;0
10401;0;0;0;0;0;0;0;0;0;0;0;0;0;0
10402;0;0;0;0;0;0;0;0;0;0;0;0;0;0
10403;0;0;0;0;0;0;0;0;0;0;0;0;0;0
10404;0;0;0;0;0;0;0;0;0;0;0;0;0;0
10405;0;0;0;0;0;0;0;0;0;0;0;0;0;0
10406;0;0;0;0;0;0;0;0;0;0;0;0;0;0
10407;0;0;0;0;0;0;0;0;0;0;0;0;0;0
10408;0;0;0;0;0;0;0;0;0;0;0;0;0;0
10409;0;0;0;0;0;0;0;0;0;0;0;0;0;0
10410;0;0;0;0;0;0;0;0;0;0;0;0;0;0
10411;0;0;0;0;0;0;0;0;0;0;0;0;0;0
10412;0;0;0;0;0;0;0;0;0;0;0;0;0;0
10413;0;0;0;0;0;0;0;0;0;0;0;0;0;0
10414;0;0;0;0;0;0;0;0;0;0;0;0;0;0
10415;0;0;0;0;0;0;0;0;0;0;0;0;0;0
10416;0;0;0;0;0;0;0;0;0;0;0;0;0;0
10417;0;0;0;0;0;0;0;0;0;0;0;0;0;0
10418;0;0;0;0;0;0;0;0;0;0;0;0;0;0
10419;0;0;0;0;0;0;0;0;0;0;0;0;0;0
10420;0;0;0;0;0;0;0;0;0;0;0;0;0;0
10421;0;0;0;0;0;0;0;0;0;0;0;0;0;0
10422;0;0;0;0;0;0;0;0;0;0;0;0;0;0
10423;0;0;0;0;0;0;0;0;0;0;0;0;0;0
10424;0;0;0;0;0;0;0;0;0;0;0;0;0;0
10425;0;0;0;0;0;0;0;0;0;0;0;0;0;0
10426;0;0;0;0;0;0;0;0;0;0;0;0;0;0
10427;0;0;0;0;0;0;0;0;0;0;0;0;0;0
10428;0;0;0;0;0;0;0;0;0;0;0;0;0;0
10429;0;0;0;0;0;0;0;0;0;0;0;0;0;0
10430;0;0;0;0;0;0;0;0;0;0;0;0;0;0
10431;0;0;0;0;0;0;0;0;0;0;0;0;0;0
10432;0;0;0;0;0;0;0;0;0;0;0;0;0;0
10433;0;0;0;0;0;0;0;0;0;0;0;0;0;0
10434;0;0;0;0;0;0;0;0;0;0;0;0;0;0
10435;0;0;0;0;0;0;0;0;0;0;0;0;0;0
10436;0;0;0;0;0;0;0;0;0;0;0;0;0;0
10437;0;0;0;0;0;0;0;0;0;0;0;0;0;0
10438;0;0;0;0;0;0;0;0;0;0;0;0;0;0
10439;0;0;0;0;0;0;0;0;0;0;0;0;0;0
10440;0;0;0;0;0;0;0;0;0;0;0;0;0;0
10441;0;0;0;0;0;0;0;0;0;0;0;0;0;0
10442;0;0;0;0;0;0;0;0;0;0;0;0;0;0
10443;0;0;0;0;0;0;0;0;0;0;0;0;0;0
10444;0;0;0;0;0;0;0;0;0;0;0;0;0;0
10445;0;0;0;0;0;0;0;0;0;0;0;0;0;0
10446;0;0;0;0;0;0;0;0;0;0;0;0;0;0
10447;0;0;0;0;0;0;0;0;0;0;0;0;0;0
10448;0;0;0;0;0;0;0;0;0;0;0;0;0;0
10449;0;0;0;0;0;0;0;0;0;0;0;0;0;0
10450;0;0;0;0;0;0;0;0;0;0;0;0;0;0
10451;0;0;0;0;0;0;0;0;0;0;0;0;0;0
10452;0;0;0;0;0;0;0;0;0;0;0;0;0;0
10453;0;0;0;0;0;0;0;0;0;0;0;0;0;0
10454;0;0;0;0;0;0;0;0;0;0;0;0;0;0
10455;0;0;0;0;0;0;0;0;0;0;0;0;0;0
10456;0;0;0;0;0;0;0;0;0;0;0;0;0;0
10457;0;0;0;0;0;0;0;0;0;0;0;0;0;0
10458;0;0;0;0;0;0;0;0;0;0;0;0;0;0
10459;0;0;0;0;0;0;0;0;0;0;0;0;0;0
10460;0;0;0;0;0;0;0;0;0;0;0;0;0;0
10461;0;0;0;0;0;0;0;0;0;0;0;0;0;0
10462;0;0;0;0;0;0;0;0;0;0;0;0;0;0
10463;0;0;0;0;0;0;0;0;0;0;0;0;0;0
10464;0;0;0;0;0;0;0;0;0;0;0;0;0;0
10465;0;0;0;0;0;0;0;0;0;0;0;0;0;0
10466;0;0;0;0;0;0;0;0;0;0;0;0;0;0
10467;0;0;0;0;0;0;0;0;0;0;0;0;0;0
10468;0;0;0;0;0;0;0;0;0;0;0;0;0;0
10469;0;0;0;0;0;0;0;0;0;0;0;0;0;0
10470;0;0;0;0;0;0;0;0;0;0;0;0;0;0
10471;0;0;0;0;0;0;0;0;0;0;0;0;0;0
10472;0;0;0;0;0;0;0;0;0;0;0;0;0;0
10473;0;0;0;0;0;0;0;0;0;0;0;0;0;0
10474;0;0;0;0;0;0;0;0;0;0;0;0;0;0
10475;0;0;0;0;0;0;0;0;0;0;0;0;0;0
10476;0;0;0;0;0;0;0;0;0;0;0;0;0;0
10477;0;0;0;0;0;0;0;0;0;0;0;0;0;0
10478;0;0;0;0;0;0;0;0;0;0;0;0;0;0
10479;0;0;0;0;0;0;0;0;0;0;0;0;0;0
10480;0;0;0;0;0;0;0;0;0;0;0;0;0;0
10481;0;0;0;0;0;0;0;0;0;0;0;0;0;0
10482;0;0;0;0;0;0;0;0;0;0;0;0;0;0
10483;0;0;0;0;0;0;0;0;0;0;0;0;0;0
10484;0;0;0;0;0;0;0;0;0;0;0;0;0;0
10485;0;0;0;0;0;0;0;0;0;0;0;0;0;0
10486;0;0;0;0;0;0;0;0;0;0;0;0;0;0
10487;0;0;0;0;0;0;0;0;0;0;0;0;0;0
10488;0;0;0;0;0;0;0;0;0;0;0;0;0;0
10489;0;0;0;0;0;0;0;0;0;0;0;0;0;0
10490;0;0;0;0;0;0;0;0;0;0;0;0;0;0
10491;0;0;0;0;0;0;0;0;0;0;0;0;0;0
10492;0;0;0;0;0;0;0;0;0;0;0;0;0;0
10493;0;0;0;0;0;0;0;0;0;0;0;0;0;0
10494;0;0;0;0;0;0;0;0;0;0;0;0;0;0
10495;0;0;0;0;0;0;0;0;0;0;0;0;0;0
10496;0;0;0;0;0;0;0;0;0;0;0;0;0;0
10497;0;0;0;0;0;0;0;0;0;0;0;0;0;0
